director_name,duration,actor_2_name,gross,genres,actor_1_name,movie_title,actor_3_name,plot_keywords,movie_imdb_link,content_rating,budget,title_year,imdb_score,movie_facebook_likes
James Cameron,178,Joel David Moore,760505847,Action|Adventure|Fantasy|Sci-Fi,CCH Pounder,Avatar ,Wes Studi,avatar|future|marine|native|paraplegic,http://www.imdb.com/title/tt0499549/?ref_=fn_tt_tt_1,PG-13,237000000,2009,7.9,33000
Gore Verbinski,169,Orlando Bloom,309404152,Action|Adventure|Fantasy,Johnny Depp,Pirates of the Caribbean: At World's End ,Jack Davenport,goddess|marriage ceremony|marriage proposal|pirate|singapore,http://www.imdb.com/title/tt0449088/?ref_=fn_tt_tt_1,PG-13,300000000,2007,7.1,0
Sam Mendes,148,Rory Kinnear,200074175,Action|Adventure|Thriller,Christoph Waltz,Spectre ,Stephanie Sigman,bomb|espionage|sequel|spy|terrorist,http://www.imdb.com/title/tt2379713/?ref_=fn_tt_tt_1,PG-13,245000000,2015,6.8,85000
Christopher Nolan,164,Christian Bale,448130642,Action|Thriller,Tom Hardy,The Dark Knight Rises ,Joseph Gordon-Levitt,deception|imprisonment|lawlessness|police officer|terrorist plot,http://www.imdb.com/title/tt1345836/?ref_=fn_tt_tt_1,PG-13,250000000,2012,8.5,164000
Doug Walker,,Rob Walker,,Documentary,Doug Walker,Star Wars: Episode VII - The Force Awakens             ,,,http://www.imdb.com/title/tt5289954/?ref_=fn_tt_tt_1,,,,7.1,0
Andrew Stanton,132,Samantha Morton,73058679,Action|Adventure|Sci-Fi,Daryl Sabara,John Carter ,Polly Walker,alien|american civil war|male nipple|mars|princess,http://www.imdb.com/title/tt0401729/?ref_=fn_tt_tt_1,PG-13,263700000,2012,6.6,24000
Sam Raimi,156,James Franco,336530303,Action|Adventure|Romance,J.K. Simmons,Spider-Man 3 ,Kirsten Dunst,sandman|spider man|symbiote|venom|villain,http://www.imdb.com/title/tt0413300/?ref_=fn_tt_tt_1,PG-13,258000000,2007,6.2,0
Nathan Greno,100,Donna Murphy,200807262,Adventure|Animation|Comedy|Family|Fantasy|Musical|Romance,Brad Garrett,Tangled ,M.C. Gainey,17th century|based on fairy tale|disney|flower|tower,http://www.imdb.com/title/tt0398286/?ref_=fn_tt_tt_1,PG,260000000,2010,7.8,29000
Joss Whedon,141,Robert Downey Jr.,458991599,Action|Adventure|Sci-Fi,Chris Hemsworth,Avengers: Age of Ultron ,Scarlett Johansson,artificial intelligence|based on comic book|captain america|marvel cinematic universe|superhero,http://www.imdb.com/title/tt2395427/?ref_=fn_tt_tt_1,PG-13,250000000,2015,7.5,118000
David Yates,153,Daniel Radcliffe,301956980,Adventure|Family|Fantasy|Mystery,Alan Rickman,Harry Potter and the Half-Blood Prince ,Rupert Grint,blood|book|love|potion|professor,http://www.imdb.com/title/tt0417741/?ref_=fn_tt_tt_1,PG,250000000,2009,7.5,10000
Zack Snyder,183,Lauren Cohan,330249062,Action|Adventure|Sci-Fi,Henry Cavill,Batman v Superman: Dawn of Justice ,Alan D. Purwin,based on comic book|batman|sequel to a reboot|superhero|superman,http://www.imdb.com/title/tt2975590/?ref_=fn_tt_tt_1,PG-13,250000000,2016,6.9,197000
Bryan Singer,169,Marlon Brando,200069408,Action|Adventure|Sci-Fi,Kevin Spacey,Superman Returns ,Frank Langella,crystal|epic|lex luthor|lois lane|return to earth,http://www.imdb.com/title/tt0348150/?ref_=fn_tt_tt_1,PG-13,209000000,2006,6.1,0
Marc Forster,106,Mathieu Amalric,168368427,Action|Adventure,Giancarlo Giannini,Quantum of Solace ,Rory Kinnear,action hero|attempted rape|bond girl|official james bond series|revenge,http://www.imdb.com/title/tt0830515/?ref_=fn_tt_tt_1,PG-13,200000000,2008,6.7,0
Gore Verbinski,151,Orlando Bloom,423032628,Action|Adventure|Fantasy,Johnny Depp,Pirates of the Caribbean: Dead Man's Chest ,Jack Davenport,box office hit|giant squid|heart|liar's dice|monster,http://www.imdb.com/title/tt0383574/?ref_=fn_tt_tt_1,PG-13,225000000,2006,7.3,5000
Gore Verbinski,150,Ruth Wilson,89289910,Action|Adventure|Western,Johnny Depp,The Lone Ranger ,Tom Wilkinson,horse|outlaw|texas|texas ranger|train,http://www.imdb.com/title/tt1210819/?ref_=fn_tt_tt_1,PG-13,215000000,2013,6.5,48000
Zack Snyder,143,Christopher Meloni,291021565,Action|Adventure|Fantasy|Sci-Fi,Henry Cavill,Man of Steel ,Harry Lennix,based on comic book|british actor playing american character|final battle|origin of hero|reboot,http://www.imdb.com/title/tt0770828/?ref_=fn_tt_tt_1,PG-13,225000000,2013,7.2,118000
Andrew Adamson,150,Pierfrancesco Favino,141614023,Action|Adventure|Family|Fantasy,Peter Dinklage,The Chronicles of Narnia: Prince Caspian ,Damián Alcázar,brother brother relationship|brother sister relationship|good versus evil|king|narnia,http://www.imdb.com/title/tt0499448/?ref_=fn_tt_tt_1,PG,225000000,2008,6.6,0
Joss Whedon,173,Robert Downey Jr.,623279547,Action|Adventure|Sci-Fi,Chris Hemsworth,The Avengers ,Scarlett Johansson,alien invasion|assassin|battle|iron man|soldier,http://www.imdb.com/title/tt0848228/?ref_=fn_tt_tt_1,PG-13,220000000,2012,8.1,123000
Rob Marshall,136,Sam Claflin,241063875,Action|Adventure|Fantasy,Johnny Depp,Pirates of the Caribbean: On Stranger Tides ,Stephen Graham,blackbeard|captain|pirate|revenge|soldier,http://www.imdb.com/title/tt1298650/?ref_=fn_tt_tt_1,PG-13,250000000,2011,6.7,58000
Barry Sonnenfeld,106,Michael Stuhlbarg,179020854,Action|Adventure|Comedy|Family|Fantasy|Sci-Fi,Will Smith,Men in Black 3 ,Nicole Scherzinger,alien|criminal|m.i.b.|maximum security prison|prison,http://www.imdb.com/title/tt1409024/?ref_=fn_tt_tt_1,PG-13,225000000,2012,6.8,40000
Peter Jackson,164,Adam Brown,255108370,Adventure|Fantasy,Aidan Turner,The Hobbit: The Battle of the Five Armies ,James Nesbitt,army|elf|hobbit|middle earth|orc,http://www.imdb.com/title/tt2310332/?ref_=fn_tt_tt_1,PG-13,250000000,2014,7.5,65000
Marc Webb,153,Andrew Garfield,262030663,Action|Adventure|Fantasy,Emma Stone,The Amazing Spider-Man ,Chris Zylka,lizard|outcast|spider|spider man|teenager,http://www.imdb.com/title/tt0948470/?ref_=fn_tt_tt_1,PG-13,230000000,2012,7,56000
Ridley Scott,156,William Hurt,105219735,Action|Adventure|Drama|History,Mark Addy,Robin Hood ,Scott Grimes,1190s|archer|england|king of england|robin hood,http://www.imdb.com/title/tt0955308/?ref_=fn_tt_tt_1,PG-13,200000000,2010,6.7,17000
Peter Jackson,186,Adam Brown,258355354,Adventure|Fantasy,Aidan Turner,The Hobbit: The Desolation of Smaug ,James Nesbitt,dwarf|elf|lake town|mountain|sword and sorcery,http://www.imdb.com/title/tt1170358/?ref_=fn_tt_tt_1,PG-13,225000000,2013,7.9,83000
Chris Weitz,113,Eva Green,70083519,Adventure|Family|Fantasy,Christopher Lee,The Golden Compass ,Kristin Scott Thomas,children|epic|friend|girl|quest,http://www.imdb.com/title/tt0385752/?ref_=fn_tt_tt_1,PG-13,180000000,2007,6.1,0
Peter Jackson,201,Thomas Kretschmann,218051260,Action|Adventure|Drama|Romance,Naomi Watts,King Kong ,Evan Parke,animal name in title|ape abducts a woman|gorilla|island|king kong,http://www.imdb.com/title/tt0360717/?ref_=fn_tt_tt_1,PG-13,207000000,2005,7.2,0
James Cameron,194,Kate Winslet,658672302,Drama|Romance,Leonardo DiCaprio,Titanic ,Gloria Stuart,artist|love|ship|titanic|wet,http://www.imdb.com/title/tt0120338/?ref_=fn_tt_tt_1,PG-13,200000000,1997,7.7,26000
Anthony Russo,147,Scarlett Johansson,407197282,Action|Adventure|Sci-Fi,Robert Downey Jr.,Captain America: Civil War ,Chris Evans,based on comic book|knife|marvel cinematic universe|returning character killed off|superhero,http://www.imdb.com/title/tt3498820/?ref_=fn_tt_tt_1,PG-13,250000000,2016,8.2,72000
Peter Berg,131,Alexander Skarsgård,65173160,Action|Adventure|Sci-Fi|Thriller,Liam Neeson,Battleship ,Tadanobu Asano,box office flop|hawaii|naval|oahu hawaii|ship,http://www.imdb.com/title/tt1440129/?ref_=fn_tt_tt_1,PG-13,209000000,2012,5.9,44000
Colin Trevorrow,124,Judy Greer,652177271,Action|Adventure|Sci-Fi|Thriller,Bryce Dallas Howard,Jurassic World ,Omar Sy,dinosaur|disaster film|experiment gone wrong|jurassic park|velociraptor,http://www.imdb.com/title/tt0369610/?ref_=fn_tt_tt_1,PG-13,150000000,2015,7,150000
Sam Mendes,143,Helen McCrory,304360277,Action|Adventure|Thriller,Albert Finney,Skyfall ,Rory Kinnear,brawl|childhood home|computer cracker|intelligence agency|terrorist cell,http://www.imdb.com/title/tt1074638/?ref_=fn_tt_tt_1,PG-13,200000000,2012,7.8,80000
Sam Raimi,135,James Franco,373377893,Action|Adventure|Fantasy|Romance,J.K. Simmons,Spider-Man 2 ,Kirsten Dunst,death|doctor|scientist|super villain|tentacle,http://www.imdb.com/title/tt0316654/?ref_=fn_tt_tt_1,PG-13,200000000,2004,7.3,0
Shane Black,195,Jon Favreau,408992272,Action|Adventure|Sci-Fi,Robert Downey Jr.,Iron Man 3 ,Don Cheadle,armor|explosion|human bomb|missile attack|terrorist,http://www.imdb.com/title/tt1300854/?ref_=fn_tt_tt_1,PG-13,200000000,2013,7.2,95000
Tim Burton,108,Alan Rickman,334185206,Adventure|Family|Fantasy,Johnny Depp,Alice in Wonderland ,Anne Hathaway,alice in wonderland|mistaking reality for dream|queen|shrinking|shrinking potion,http://www.imdb.com/title/tt1014759/?ref_=fn_tt_tt_1,PG,200000000,2010,6.5,24000
Brett Ratner,104,Kelsey Grammer,234360014,Action|Adventure|Fantasy|Sci-Fi|Thriller,Hugh Jackman,X-Men: The Last Stand ,Daniel Cudmore,battle|mutant|outrage|walking through a wall|x men,http://www.imdb.com/title/tt0376994/?ref_=fn_tt_tt_1,PG-13,210000000,2006,6.8,0
Dan Scanlon,104,Tyler Labine,268488329,Adventure|Animation|Comedy|Family|Fantasy,Steve Buscemi,Monsters University ,Sean Hayes,cheating|fraternity|monster|singing in a car|university,http://www.imdb.com/title/tt1453405/?ref_=fn_tt_tt_1,G,200000000,2013,7.3,44000
Michael Bay,150,Kevin Dunn,402076689,Action|Adventure|Sci-Fi,Glenn Morshower,Transformers: Revenge of the Fallen ,Ramon Rodriguez,autobot|decepticon|machine|sun|symbol,http://www.imdb.com/title/tt1055369/?ref_=fn_tt_tt_1,PG-13,200000000,2009,6,0
Michael Bay,165,Sophia Myles,245428137,Action|Adventure|Sci-Fi,Bingbing Li,Transformers: Age of Extinction ,Kelsey Grammer,blockbuster|bumblebee the character|semi truck and trailer|texas|truck,http://www.imdb.com/title/tt2109248/?ref_=fn_tt_tt_1,PG-13,210000000,2014,5.7,56000
Sam Raimi,130,Mila Kunis,234903076,Adventure|Family|Fantasy,Tim Holmes,Oz the Great and Powerful ,James Franco,circus|magic|magician|oz|witch,http://www.imdb.com/title/tt1623205/?ref_=fn_tt_tt_1,PG,215000000,2013,6.4,60000
Marc Webb,142,Andrew Garfield,202853933,Action|Adventure|Fantasy|Sci-Fi,Emma Stone,The Amazing Spider-Man 2 ,B.J. Novak,costumed hero|death of girlfriend|masked vigilante|returning character killed off|teenager,http://www.imdb.com/title/tt1872181/?ref_=fn_tt_tt_1,PG-13,200000000,2014,6.7,41000
Joseph Kosinski,125,Olivia Wilde,172051787,Action|Adventure|Sci-Fi,Jeff Bridges,TRON: Legacy ,James Frain,arcade|bridge|disappearance|escape|warrior,http://www.imdb.com/title/tt1104001/?ref_=fn_tt_tt_1,PG,170000000,2010,6.8,30000
John Lasseter,106,Thomas Kretschmann,191450875,Adventure|Animation|Comedy|Family|Sport,Joe Mantegna,Cars 2 ,Eddie Izzard,best friend|car race|conspiracy|gadget car|spy,http://www.imdb.com/title/tt1216475/?ref_=fn_tt_tt_1,G,200000000,2011,6.3,10000
Martin Campbell,123,Temuera Morrison,116593191,Action|Adventure|Sci-Fi,Ryan Reynolds,Green Lantern ,Taika Waititi,autopsy|lantern|planet|ring|test pilot,http://www.imdb.com/title/tt1133985/?ref_=fn_tt_tt_1,PG-13,200000000,2011,5.6,24000
Lee Unkrich,103,John Ratzenberger,414984497,Adventure|Animation|Comedy|Family|Fantasy,Tom Hanks,Toy Story 3 ,Don Rickles,college|day care|escape|teddy bear|toy,http://www.imdb.com/title/tt0435761/?ref_=fn_tt_tt_1,G,200000000,2010,8.3,30000
McG,118,Bryce Dallas Howard,125320003,Action|Adventure|Sci-Fi,Christian Bale,Terminator Salvation ,Common,death row|future|machine|rescue|skynet,http://www.imdb.com/title/tt0438488/?ref_=fn_tt_tt_1,PG-13,200000000,2009,6.6,0
James Wan,140,Paul Walker,350034110,Action|Crime|Thriller,Jason Statham,Furious 7 ,Vin Diesel,car falling off a cliff|hospital|revenge|star died before release|terrorist,http://www.imdb.com/title/tt2820852/?ref_=fn_tt_tt_1,PG-13,190000000,2015,7.2,94000
Marc Forster,123,Brad Pitt,202351611,Action|Adventure|Horror|Sci-Fi|Thriller,Peter Capaldi,World War Z ,Mireille Enos,chaos|disease|infection|pandemic|zombie,http://www.imdb.com/title/tt0816711/?ref_=fn_tt_tt_1,PG-13,190000000,2013,7,129000
Bryan Singer,149,Peter Dinklage,233914986,Action|Adventure|Fantasy|Sci-Fi|Thriller,Jennifer Lawrence,X-Men: Days of Future Past ,Hugh Jackman,dystopia|super strength|supernatural power|time paradox|time travel,http://www.imdb.com/title/tt1877832/?ref_=fn_tt_tt_1,PG-13,200000000,2014,8,82000
J.J. Abrams,132,Bruce Greenwood,228756232,Action|Adventure|Sci-Fi,Benedict Cumberbatch,Star Trek Into Darkness ,Noel Clarke,admiral|captain|manhunt|mission|space,http://www.imdb.com/title/tt1408101/?ref_=fn_tt_tt_1,PG-13,190000000,2013,7.8,92000
Bryan Singer,114,Ewen Bremner,65171860,Adventure|Fantasy,Eddie Marsan,Jack the Giant Slayer ,Ralph Brown,bean|giant|king|no opening credits|princess,http://www.imdb.com/title/tt1351685/?ref_=fn_tt_tt_1,PG-13,195000000,2013,6.3,22000
Baz Luhrmann,143,Elizabeth Debicki,144812796,Drama|Romance,Leonardo DiCaprio,The Great Gatsby ,Steve Bisley,ingratitude|mansion|party|title appears in writing|tragedy,http://www.imdb.com/title/tt1343092/?ref_=fn_tt_tt_1,PG-13,105000000,2013,7.3,115000
Mike Newell,116,Richard Coyle,90755643,Action|Adventure|Fantasy|Romance,Jake Gyllenhaal,Prince of Persia: The Sands of Time ,Reece Ritchie,alamut|dagger|king|persia|princess,http://www.imdb.com/title/tt0473075/?ref_=fn_tt_tt_1,PG-13,200000000,2010,6.6,23000
Guillermo del Toro,131,Clifton Collins Jr.,101785482,Action|Adventure|Sci-Fi,Charlie Hunnam,Pacific Rim ,Larry Joe Campbell,giant monster|kaiju|pilot|portal|robot,http://www.imdb.com/title/tt1663662/?ref_=fn_tt_tt_1,PG-13,190000000,2013,7,83000
Michael Bay,154,Lester Speight,352358779,Action|Adventure|Sci-Fi,Glenn Morshower,Transformers: Dark of the Moon ,Kevin Dunn,autobot|decepticon|job interview|moon|spacecraft,http://www.imdb.com/title/tt1399103/?ref_=fn_tt_tt_1,PG-13,195000000,2011,6.3,46000
Steven Spielberg,122,Ray Winstone,317011114,Action|Adventure|Fantasy,Harrison Ford,Indiana Jones and the Kingdom of the Crystal Skull ,Jim Broadbent,cult figure|femme fatale|indiana jones|unsubtitled foreign language|year 1957,http://www.imdb.com/title/tt0367882/?ref_=fn_tt_tt_1,PG-13,185000000,2008,6.2,5000
Peter Sohn,93,Jack McGraw,123070338,Adventure|Animation|Comedy|Family|Fantasy,A.J. Buckley,The Good Dinosaur ,Peter Sohn,apatosaurus|asteroid|dinosaur|fear|river,http://www.imdb.com/title/tt1979388/?ref_=fn_tt_tt_1,PG,,2015,6.8,20000
Mark Andrews,93,John Ratzenberger,237282182,Adventure|Animation|Comedy|Family|Fantasy,Kelly Macdonald,Brave ,Julie Walters,archery|coming of age|female warrior|princess|rebellious daughter,http://www.imdb.com/title/tt1217209/?ref_=fn_tt_tt_1,PG,185000000,2012,7.2,39000
Justin Lin,122,Melissa Roxburgh,130468626,Action|Adventure|Sci-Fi|Thriller,Sofia Boutella,Star Trek Beyond ,Lydia Wilson,hatred|sequel|space opera|star trek|third part,http://www.imdb.com/title/tt2660888/?ref_=fn_tt_tt_1,PG-13,185000000,2016,7.5,30000
Andrew Stanton,98,Fred Willard,223806889,Adventure|Animation|Family|Sci-Fi,John Ratzenberger,WALL·E ,Jeff Garlin,earth|obesity|plant|robot|soil,http://www.imdb.com/title/tt0910970/?ref_=fn_tt_tt_1,G,180000000,2008,8.4,16000
Brett Ratner,91,Dana Ivey,140080850,Action|Comedy|Crime|Thriller,Tzi Ma,Rush Hour 3 ,Noémie Lenoir,ambassador|assassination|chinese|french|triad,http://www.imdb.com/title/tt0293564/?ref_=fn_tt_tt_1,PG-13,140000000,2007,6.2,0
Roland Emmerich,158,Liam James,166112167,Action|Adventure|Sci-Fi,Oliver Platt,2012,Tom McCarthy,ark|catastrophe|geologist|president|writer,http://www.imdb.com/title/tt1190080/?ref_=fn_tt_tt_1,PG-13,200000000,2009,5.8,13000
Robert Zemeckis,96,Colin Firth,137850096,Animation|Drama|Family|Fantasy,Robin Wright,A Christmas Carol ,Gary Oldman,charles dickens|christmas|christmas eve|ghost|scrooge,http://www.imdb.com/title/tt1067106/?ref_=fn_tt_tt_1,PG,200000000,2009,6.8,0
Lana Wachowski,127,Mila Kunis,47375327,Action|Adventure|Sci-Fi,Channing Tatum,Jupiter Ascending ,Eddie Redmayne,box office flop|critically bashed|planet earth|space opera|woman in bra and panties,http://www.imdb.com/title/tt1617661/?ref_=fn_tt_tt_1,PG-13,176000000,2015,5.4,44000
David Yates,110,Alexander Skarsgård,124051759,Action|Adventure|Drama|Romance,Christoph Waltz,The Legend of Tarzan ,Casper Crump,africa|capture|jungle|male objectification|tarzan,http://www.imdb.com/title/tt0918940/?ref_=fn_tt_tt_1,PG-13,180000000,2016,6.6,29000
Andrew Adamson,150,Kiran Shah,291709845,Adventure|Family|Fantasy,Jim Broadbent,"The Chronicles of Narnia: The Lion, the Witch and the Wardrobe ",Shane Rangi,hide and seek|lion|magic|professor|snow,http://www.imdb.com/title/tt0363771/?ref_=fn_tt_tt_1,PG,180000000,2005,6.9,0
Bryan Singer,144,Michael Fassbender,154985087,Action|Adventure|Sci-Fi,Jennifer Lawrence,X-Men: Apocalypse ,Tye Sheridan,mutant|superhero|superhero team|x men|year 1983,http://www.imdb.com/title/tt3385516/?ref_=fn_tt_tt_1,PG-13,178000000,2016,7.3,54000
Christopher Nolan,152,Heath Ledger,533316061,Action|Crime|Drama|Thriller,Christian Bale,The Dark Knight ,Morgan Freeman,based on comic book|dc comics|psychopath|star died before release|urban setting,http://www.imdb.com/title/tt0468569/?ref_=fn_tt_tt_1,PG-13,185000000,2008,9,37000
Pete Docter,96,Delroy Lindo,292979556,Adventure|Animation|Comedy|Family,John Ratzenberger,Up ,Jess Harnell,balloon|house|promise|retirement|skeleton,http://www.imdb.com/title/tt1049413/?ref_=fn_tt_tt_1,PG,175000000,2009,8.3,27000
Rob Letterman,94,Rainn Wilson,198332128,Action|Adventure|Animation|Comedy|Family|Sci-Fi,Amy Poehler,Monsters vs. Aliens ,Stephen Colbert,alien|alien invasion|alien space craft|giant|giantess,http://www.imdb.com/title/tt0892782/?ref_=fn_tt_tt_1,PG,175000000,2009,6.5,0
Jon Favreau,126,Jeff Bridges,318298180,Action|Adventure|Sci-Fi,Robert Downey Jr.,Iron Man ,Jon Favreau,afghanistan|billionaire|inventor|playboy|u.s. air force,http://www.imdb.com/title/tt0371746/?ref_=fn_tt_tt_1,PG-13,140000000,2008,7.9,10000
Martin Scorsese,126,Christopher Lee,73820094,Adventure|Drama|Family|Mystery,Chloë Grace Moretz,Hugo ,Ray Winstone,automaton|mechanical|railway station|steampunk|train,http://www.imdb.com/title/tt0970179/?ref_=fn_tt_tt_1,PG,170000000,2011,7.5,42000
Barry Sonnenfeld,106,Salma Hayek,113745408,Action|Comedy|Sci-Fi|Western,Will Smith,Wild Wild West ,Bai Ling,buddy movie|general|inventor|steampunk|utah,http://www.imdb.com/title/tt0120891/?ref_=fn_tt_tt_1,PG-13,170000000,1999,4.8,0
Rob Cohen,112,Brendan Fraser,102176165,Action|Adventure|Fantasy|Horror|Thriller,Jet Li,The Mummy: Tomb of the Dragon Emperor ,Russell Wong,army|china|emperor|mummy|shangri la,http://www.imdb.com/title/tt0859163/?ref_=fn_tt_tt_1,PG-13,145000000,2008,5.2,0
David Ayer,123,Robin Atkin Downes,161087183,Action|Adventure|Comedy|Sci-Fi,Will Smith,Suicide Squad ,Ike Barinholtz,based on comic book|critically bashed|father daughter relationship|reference to superman|super villain,http://www.imdb.com/title/tt1386697/?ref_=fn_tt_tt_1,PG-13,175000000,2016,6.9,80000
Tom Shadyac,96,Morgan Freeman,100289690,Comedy|Family|Fantasy,Jimmy Bennett,Evan Almighty ,Steve Carell,ark|change|congressman|depiction of god|flood,http://www.imdb.com/title/tt0413099/?ref_=fn_tt_tt_1,PG,175000000,2007,5.4,2000
Doug Liman,113,Lara Pulver,100189501,Action|Adventure|Sci-Fi,Tom Cruise,Edge of Tomorrow ,Noah Taylor,alien|combat|dying repeatedly|end of the world|time loop,http://www.imdb.com/title/tt1631867/?ref_=fn_tt_tt_1,PG-13,178000000,2014,7.9,77000
Kevin Reynolds,176,Rick Aviles,88246220,Action|Adventure|Sci-Fi|Thriller,Jeanne Tripplehorn,Waterworld ,Zakes Mokae,future|sail|sea|smoker|water,http://www.imdb.com/title/tt0114898/?ref_=fn_tt_tt_1,PG-13,175000000,1995,6.1,0
Stephen Sommers,118,Dennis Quaid,150167630,Action|Adventure|Sci-Fi|Thriller,Joseph Gordon-Levitt,G.I. Joe: The Rise of Cobra ,Leo Howard,cobra|gi joe|snake|train|warhead,http://www.imdb.com/title/tt1046173/?ref_=fn_tt_tt_1,PG-13,175000000,2009,5.8,0
Pete Docter,95,Mindy Kaling,356454367,Adventure|Animation|Comedy|Drama|Family|Fantasy,Amy Poehler,Inside Out ,Phyllis Smith,anger|joy|memory|running away|sadness,http://www.imdb.com/title/tt2096673/?ref_=fn_tt_tt_1,PG,175000000,2015,8.3,118000
Jon Favreau,106,Bill Murray,362645141,Adventure|Drama|Family|Fantasy,Scarlett Johansson,The Jungle Book ,Garry Shandling,fire|jungle|remake|tiger|wolf,http://www.imdb.com/title/tt3040964/?ref_=fn_tt_tt_1,PG,175000000,2016,7.8,65000
Jon Favreau,124,Scarlett Johansson,312057433,Action|Adventure|Sci-Fi,Robert Downey Jr.,Iron Man 2 ,Jon Favreau,hammer|military|monaco|revenge|tony stark,http://www.imdb.com/title/tt1228705/?ref_=fn_tt_tt_1,PG-13,200000000,2010,7,18000
Rupert Sanders,132,Kristen Stewart,155111815,Action|Adventure|Drama|Fantasy,Chris Hemsworth,Snow White and the Huntsman ,Sam Claflin,evil queen|fairy tale|magic|queen|snow white,http://www.imdb.com/title/tt1735898/?ref_=fn_tt_tt_1,PG-13,170000000,2012,6.1,53000
Robert Stromberg,97,Sharlto Copley,241407328,Action|Adventure|Family|Fantasy|Romance,Angelina Jolie Pitt,Maleficent ,Sam Riley,curse|dark fantasy|fairy|king|kingdom,http://www.imdb.com/title/tt1587310/?ref_=fn_tt_tt_1,PG,180000000,2014,7,89000
Matt Reeves,130,Judy Greer,208543795,Action|Adventure|Drama|Sci-Fi,Gary Oldman,Dawn of the Planet of the Apes ,Kodi Smit-McPhee,ape|dam|leader|post apocalypse|sequel,http://www.imdb.com/title/tt2103281/?ref_=fn_tt_tt_1,PG-13,170000000,2014,7.6,45000
Roland Joffé,109,Alice Englert,,Action|Adventure|Romance|Sci-Fi,Tamsin Egerton,The Lovers ,Bipasha Basu,1770s|british india|great barrier reef|india|ring,http://www.imdb.com/title/tt1321869/?ref_=fn_tt_tt_1,R,,2015,4.5,677
Carl Rinsch,128,Cary-Hiroyuki Tagawa,38297305,Action|Adventure|Drama|Fantasy,Keanu Reeves,47 Ronin ,Jin Akanishi,box office flop|ronin|samurai|shogun|tournament,http://www.imdb.com/title/tt1335975/?ref_=fn_tt_tt_1,PG-13,175000000,2013,6.3,35000
Anthony Russo,136,Chris Evans,259746958,Action|Adventure|Sci-Fi,Scarlett Johansson,Captain America: The Winter Soldier ,Hayley Atwell,conspiracy|heroism|megalomaniac|super soldier|world domination,http://www.imdb.com/title/tt1843866/?ref_=fn_tt_tt_1,PG-13,170000000,2014,7.8,55000
Mike Mitchell,93,Kathy Griffin,238371987,Adventure|Animation|Comedy|Family|Fantasy,Jon Hamm,Shrek Forever After ,Mary Kay Place,alternate world|fairy tale parody|female warrior|ogre|true love,http://www.imdb.com/title/tt0892791/?ref_=fn_tt_tt_1,PG,165000000,2010,6.4,0
Brad Bird,130,Chris Bauer,93417865,Action|Adventure|Family|Mystery|Sci-Fi,Judy Greer,Tomorrowland ,Thomas Robinson,boy genius|futuristic city|inventor|teenage girl|time travel,http://www.imdb.com/title/tt1964418/?ref_=fn_tt_tt_1,PG,190000000,2015,6.5,37000
Don Hall,102,Daniel Henney,222487711,Action|Adventure|Animation|Comedy|Drama|Family|Sci-Fi,Damon Wayans Jr.,Big Hero 6 ,Abraham Benrubi,high tech|martial arts|masked man|robot|superhero,http://www.imdb.com/title/tt2245084/?ref_=fn_tt_tt_1,PG,165000000,2014,7.9,41000
Rich Moore,101,Sarah Silverman,189412677,Adventure|Animation|Comedy|Family|Sci-Fi,Jack McBrayer,Wreck-It Ralph ,Joe Lo Truglio,arcade|candy|glitch|king|medal,http://www.imdb.com/title/tt1772341/?ref_=fn_tt_tt_1,PG,165000000,2012,7.8,40000
Robert Zemeckis,100,Eddie Deezen,665426,Adventure|Animation|Family|Fantasy,Tom Hanks,The Polar Express ,Peter Scolari,boy|christmas|christmas eve|north pole|train,http://www.imdb.com/title/tt0338348/?ref_=fn_tt_tt_1,G,165000000,2004,6.6,10000
Roland Emmerich,120,Sela Ward,102315545,Action|Adventure|Sci-Fi,Vivica A. Fox,Independence Day: Resurgence ,Judd Hirsch,alien|battle|defense|independence day|mothership,http://www.imdb.com/title/tt1628841/?ref_=fn_tt_tt_1,PG-13,165000000,2016,5.5,67000
Dean DeBlois,98,America Ferrera,217387997,Adventure|Animation|Family|Fantasy,Gerard Butler,How to Train Your Dragon ,Craig Ferguson,dragon|island|training|viking|village,http://www.imdb.com/title/tt0892769/?ref_=fn_tt_tt_1,PG,165000000,2010,8.2,33000
Jonathan Mostow,109,M.C. Gainey,150350192,Action|Sci-Fi,Nick Stahl,Terminator 3: Rise of the Machines ,Carolyn Hennesy,drifter|exploding truck|future|machine|skynet,http://www.imdb.com/title/tt0181852/?ref_=fn_tt_tt_1,R,200000000,2003,6.4,0
James Gunn,121,Vin Diesel,333130696,Action|Adventure|Sci-Fi,Bradley Cooper,Guardians of the Galaxy ,Djimon Hounsou,bounty hunter|outer space|raccoon|talking animal|tree,http://www.imdb.com/title/tt2015381/?ref_=fn_tt_tt_1,PG-13,170000000,2014,8.1,96000
Christopher Nolan,169,Anne Hathaway,187991439,Adventure|Drama|Sci-Fi,Matthew McConaughey,Interstellar ,Mackenzie Foy,black hole|father daughter relationship|saving the world|space travel|wormhole,http://www.imdb.com/title/tt0816692/?ref_=fn_tt_tt_1,PG-13,165000000,2014,8.6,349000
Christopher Nolan,148,Tom Hardy,292568851,Action|Adventure|Sci-Fi|Thriller,Leonardo DiCaprio,Inception ,Joseph Gordon-Levitt,ambiguous ending|corporate espionage|dream|subconscious|thief,http://www.imdb.com/title/tt1375666/?ref_=fn_tt_tt_1,PG-13,160000000,2010,8.8,175000
Hideaki Anno,120,Shin'ya Tsukamoto,,Action|Adventure|Drama|Horror|Sci-Fi,Mark Chinnery,Godzilla Resurgence ,Atsuko Maeda,blood|godzilla|monster|sequel,http://www.imdb.com/title/tt4262980/?ref_=fn_tt_tt_1,,,2016,8.2,0
Peter Jackson,182,Adam Brown,303001229,Adventure|Fantasy,Aidan Turner,The Hobbit: An Unexpected Journey ,James Nesbitt,dragon|dwarf|hobbit|orc|wizard,http://www.imdb.com/title/tt0903624/?ref_=fn_tt_tt_1,PG-13,180000000,2012,7.9,166000
Rob Cohen,106,Vin Diesel,144512310,Action|Crime|Thriller,Paul Walker,The Fast and the Furious ,Jordana Brewster,eighteen wheeler|illegal street racing|truck|trucker|undercover cop,http://www.imdb.com/title/tt0232500/?ref_=fn_tt_tt_1,PG-13,38000000,2001,6.7,14000
David Fincher,166,Jason Flemyng,127490802,Drama|Fantasy|Romance,Brad Pitt,The Curious Case of Benjamin Button ,Julia Ormond,deformed baby|diary|lingerie slip|older man younger woman relationship|premature aging,http://www.imdb.com/title/tt0421715/?ref_=fn_tt_tt_1,PG-13,150000000,2008,7.8,23000
Matthew Vaughn,132,Michael Fassbender,146405371,Action|Adventure|Sci-Fi,Jennifer Lawrence,X-Men: First Class ,Oliver Platt,cia|cia agent|mutant|nuclear war|professor,http://www.imdb.com/title/tt1270798/?ref_=fn_tt_tt_1,PG-13,160000000,2011,7.8,54000
Francis Lawrence,137,Philip Seymour Hoffman,281666058,Adventure|Sci-Fi,Jennifer Lawrence,The Hunger Games: Mockingjay - Part 2 ,Josh Hutcherson,death of sister|dystopia|execution|rebellion|revolution,http://www.imdb.com/title/tt1951266/?ref_=fn_tt_tt_1,PG-13,160000000,2015,6.6,38000
Jon Turteltaub,109,Omar Benson Miller,63143812,Action|Adventure|Family|Fantasy,Nicolas Cage,The Sorcerer's Apprentice ,Robert Capron,chosen one|enchanted object|love|spell|training,http://www.imdb.com/title/tt0963966/?ref_=fn_tt_tt_1,PG,150000000,2010,6.1,11000
Wolfgang Petersen,98,Mike Vogel,60655503,Action|Adventure|Drama|Thriller,Jimmy Bennett,Poseidon ,Andre Braugher,cruise|escape|ocean|passenger|water,http://www.imdb.com/title/tt0409182/?ref_=fn_tt_tt_1,PG-13,160000000,2006,5.6,0
James Bobin,113,Alan Rickman,76846624,Adventure|Family|Fantasy,Johnny Depp,Alice Through the Looking Glass ,Anne Hathaway,clock|dark fantasy|mad hatter|queen|sequel,http://www.imdb.com/title/tt2567026/?ref_=fn_tt_tt_1,PG,170000000,2016,6.4,30000
Chris Miller,93,Eric Idle,320706665,Adventure|Animation|Comedy|Family|Fantasy,Justin Timberlake,Shrek the Third ,Rupert Everett,disney spoof|fairy tale|prince|princess|tough guy,http://www.imdb.com/title/tt0413267/?ref_=fn_tt_tt_1,PG,160000000,2007,6.1,0
Duncan Jones,123,Callum Rennie,46978995,Action|Adventure|Fantasy,Dominic Cooper,Warcraft ,Ruth Negga,based on video game|fictional language|fictional war|orc|sword and sorcery,http://www.imdb.com/title/tt0803096/?ref_=fn_tt_tt_1,PG-13,160000000,2016,7.3,89000
Alan Taylor,126,Emilia Clarke,89732035,Action|Adventure|Sci-Fi,J.K. Simmons,Terminator Genisys ,Matt Smith,alternate timeline|cyborg|future|robot|time machine,http://www.imdb.com/title/tt1340138/?ref_=fn_tt_tt_1,PG-13,155000000,2015,6.6,82000
Michael Apted,113,Shane Rangi,104383624,Adventure|Family|Fantasy,Bruce Spence,The Chronicles of Narnia: The Voyage of the Dawn Treader ,Laura Brent,dragon|king|mouse|quest|warrior,http://www.imdb.com/title/tt0980970/?ref_=fn_tt_tt_1,PG,155000000,2010,6.3,11000
Michael Bay,184,Jaime King,198539855,Action|Drama|History|Romance|War,Jennifer Garner,Pearl Harbor ,Mako,air raid|black smoke|japanese military|japanese navy|sunday,http://www.imdb.com/title/tt0213149/?ref_=fn_tt_tt_1,PG-13,140000000,2001,6.1,0
Michael Bay,144,Michael O'Neill,318759914,Action|Adventure|Sci-Fi,Zack Ward,Transformers ,Kevin Dunn,alien contact|autobot|decepticon|robot vs. robot|teenage hero,http://www.imdb.com/title/tt0418279/?ref_=fn_tt_tt_1,PG-13,150000000,2007,7.1,8000
Oliver Stone,206,Angelina Jolie Pitt,34293771,Action|Adventure|Biography|Drama|History|Romance|War,Anthony Hopkins,Alexander ,Brian Blessed,ancient greece|conquest|greek|greek myth|king,http://www.imdb.com/title/tt0346491/?ref_=fn_tt_tt_1,R,155000000,2004,5.5,0
David Yates,138,Daniel Radcliffe,292000866,Adventure|Family|Fantasy|Mystery,Robert Pattinson,Harry Potter and the Order of the Phoenix ,Fiona Shaw,battle|magic|school|teacher|wizard,http://www.imdb.com/title/tt0373889/?ref_=fn_tt_tt_1,PG-13,150000000,2007,7.5,0
Mike Newell,157,Daniel Radcliffe,289994397,Adventure|Family|Fantasy|Mystery,Robert Pattinson,Harry Potter and the Goblet of Fire ,Rupert Grint,fire|goblet|magic|tournament|wizard,http://www.imdb.com/title/tt0330373/?ref_=fn_tt_tt_1,PG-13,150000000,2005,7.6,0
Peter Berg,102,Charlize Theron,227946274,Action|Drama,Will Smith,Hancock ,Eddie Marsan,bully comeuppance|destruction|prison|superhero|tough girl,http://www.imdb.com/title/tt0448157/?ref_=fn_tt_tt_1,PG-13,150000000,2008,6.4,0
Francis Lawrence,104,Alice Braga,256386216,Drama|Horror|Sci-Fi,Will Smith,I Am Legend ,Willow Smith,new york city|pandemic|post apocalypse|survivalist|virus,http://www.imdb.com/title/tt0480249/?ref_=fn_tt_tt_1,PG-13,150000000,2007,7.2,11000
Tim Burton,115,Christopher Lee,206456431,Adventure|Comedy|Family|Fantasy,Johnny Depp,Charlie and the Chocolate Factory ,David Kelly,chocolate|diminution|miniaturization|physical flexability|ticket,http://www.imdb.com/title/tt0367594/?ref_=fn_tt_tt_1,PG,150000000,2005,6.7,0
Brad Bird,111,John Ratzenberger,206435493,Animation|Comedy|Family|Fantasy,Janeane Garofalo,Ratatouille ,Brian Dennehy,chef|food|french|rat|restaurant,http://www.imdb.com/title/tt0382932/?ref_=fn_tt_tt_1,G,150000000,2007,8,10000
Christopher Nolan,128,Liam Neeson,205343774,Action|Adventure,Christian Bale,Batman Begins ,Morgan Freeman,armored car|gangster|gotham|mixed martial arts|social decay,http://www.imdb.com/title/tt0372784/?ref_=fn_tt_tt_1,PG-13,150000000,2005,8.3,15000
Eric Darnell,89,Jada Pinkett Smith,179982968,Action|Adventure|Animation|Comedy|Family,Bernie Mac,Madagascar: Escape 2 Africa ,Cedric the Entertainer,africa|madagascar|new york city|sequel|zoo,http://www.imdb.com/title/tt0479952/?ref_=fn_tt_tt_1,PG,150000000,2008,6.7,0
Shawn Levy,105,Rami Malek,177243721,Adventure|Comedy|Family|Fantasy,Robin Williams,Night at the Museum: Battle of the Smithsonian ,Steve Coogan,hdtv|motorcycle|museum|security guard|tyrannosaurus rex,http://www.imdb.com/title/tt1078912/?ref_=fn_tt_tt_1,PG,150000000,2009,5.9,2000
Gavin Hood,119,Ryan Reynolds,179883016,Action|Adventure|Fantasy|Sci-Fi|Thriller,Hugh Jackman,X-Men Origins: Wolverine ,Dominic Monaghan,army|civil war|claw fight|commando|wolverine the character,http://www.imdb.com/title/tt0458525/?ref_=fn_tt_tt_1,PG-13,150000000,2009,6.7,0
Lana Wachowski,129,Collin Chou,139259759,Action|Sci-Fi,Essie Davis,The Matrix Revolutions ,Nona Gaye,battle|epic|fight|future|machine,http://www.imdb.com/title/tt0242653/?ref_=fn_tt_tt_1,R,150000000,2003,6.7,0
Chris Buck,102,Maurice LaMarche,400736600,Adventure|Animation|Comedy|Family|Fantasy|Musical,Josh Gad,Frozen ,Livvy Stubenrauch,magic|sister love|sister sister relationship|snow|snowman,http://www.imdb.com/title/tt2294629/?ref_=fn_tt_tt_1,PG,150000000,2013,7.6,58000
Lana Wachowski,138,Daniel Bernhardt,281492479,Action|Sci-Fi,Steve Bastoni,The Matrix Reloaded ,Helmut Bakaitis,car motorcycle chase|one against many|oracle|prophecy|stylized violence,http://www.imdb.com/title/tt0234215/?ref_=fn_tt_tt_1,R,150000000,2003,7.2,0
Alan Taylor,112,Natalie Portman,206360018,Action|Adventure|Fantasy,Chris Hemsworth,Thor: The Dark World ,Anthony Hopkins,arrest|portal|thor|warrior|weapon,http://www.imdb.com/title/tt1981115/?ref_=fn_tt_tt_1,PG-13,170000000,2013,7.1,63000
George Miller,120,Charlize Theron,153629485,Action|Adventure|Sci-Fi|Thriller,Tom Hardy,Mad Max: Fury Road ,Zoë Kravitz,australia|desert|escape|on the run|post apocalypse,http://www.imdb.com/title/tt1392190/?ref_=fn_tt_tt_1,R,150000000,2015,8.1,191000
Ron Howard,146,Ayelet Zurer,133375846,Mystery|Thriller,Tom Hanks,Angels & Demons ,Armin Mueller-Stahl,conclave|illuminati|murder|reference to bernini|reference to raphael,http://www.imdb.com/title/tt0808151/?ref_=fn_tt_tt_1,PG-13,150000000,2009,6.7,0
Kenneth Branagh,115,Natalie Portman,181015141,Action|Adventure|Fantasy,Chris Hemsworth,Thor ,Anthony Hopkins,battle|marvel cinematic universe|scientist|thor|throne,http://www.imdb.com/title/tt0800369/?ref_=fn_tt_tt_1,PG-13,150000000,2011,7,63000
Byron Howard,96,Diedrich Bader,114053579,Adventure|Animation|Comedy|Drama|Family,Chloë Grace Moretz,Bolt ,James Lipton,cat|dog|hamster|new york city|superpower,http://www.imdb.com/title/tt0397892/?ref_=fn_tt_tt_1,PG,150000000,2008,6.9,0
Hoyt Yeatman,88,Piper Mackenzie Harris,119420252,Action|Adventure|Animation|Comedy|Family|Fantasy|Sci-Fi,Kelli Garner,G-Force ,Niecy Nash,fbi director|guinea pig|household appliance|secret agent|talking mouse,http://www.imdb.com/title/tt0436339/?ref_=fn_tt_tt_1,PG,150000000,2009,5.1,0
Jonathan Liebesman,99,Edgar Ramírez,83640426,Action|Adventure|Fantasy,Liam Neeson,Wrath of the Titans ,Lily James,ares|hades|titan|underworld|zeus,http://www.imdb.com/title/tt1646987/?ref_=fn_tt_tt_1,PG-13,150000000,2012,5.8,19000
Tim Burton,113,Chloë Grace Moretz,79711678,Comedy|Fantasy|Horror,Johnny Depp,Dark Shadows ,Christopher Lee,camera shot of feet|cartoon on tv|female stockinged feet|female stockinged soles|foot closeup,http://www.imdb.com/title/tt1077368/?ref_=fn_tt_tt_1,PG-13,100000000,2012,6.2,82000
Christopher McQuarrie,131,Jeremy Renner,195000874,Action|Adventure|Thriller,Tom Cruise,Mission: Impossible - Rogue Nation ,Sean Harris,capture|computer hacker|mission|rogue agent|spy,http://www.imdb.com/title/tt2381249/?ref_=fn_tt_tt_1,PG-13,150000000,2015,7.4,47000
Joe Johnston,119,Simon Merrells,61937495,Drama|Fantasy|Horror|Thriller,Anthony Hopkins,The Wolfman ,Art Malik,asylum|death|full moon|transformation|werewolf,http://www.imdb.com/title/tt0780653/?ref_=fn_tt_tt_1,R,150000000,2010,5.8,0
David Yates,110,Alexander Skarsgård,124051759,Action|Adventure|Drama|Romance,Christoph Waltz,The Legend of Tarzan ,Casper Crump,africa|capture|jungle|male objectification|tarzan,http://www.imdb.com/title/tt0918940/?ref_=fn_tt_tt_1,PG-13,180000000,2016,6.6,29000
Steve Hickner,91,Oprah Winfrey,126597121,Adventure|Animation|Comedy|Family,Matthew Broderick,Bee Movie ,Rip Torn,bee|dream sequence|egg|scatological humor|squashed bug,http://www.imdb.com/title/tt0389790/?ref_=fn_tt_tt_1,PG,150000000,2007,6.2,0
Jennifer Yuh Nelson,90,Gary Oldman,165230261,Action|Adventure|Animation|Comedy|Family,Angelina Jolie Pitt,Kung Fu Panda 2 ,Mike Bell,china|kung fu|panda|peacock|tigress,http://www.imdb.com/title/tt1302011/?ref_=fn_tt_tt_1,PG,150000000,2011,7.3,20000
M. Night Shyamalan,103,Noah Ringer,131564731,Action|Adventure|Family|Fantasy,Seychelle Gabriel,The Last Airbender ,Aasif Mandvi,avatar|fire|kingdom|tribe|water,http://www.imdb.com/title/tt0938283/?ref_=fn_tt_tt_1,PG,150000000,2010,4.2,18000
J.J. Abrams,124,Tom Cruise,133382309,Action|Adventure|Thriller,Philip Seymour Hoffman,Mission: Impossible III ,Eddie Marsan,arms dealer|fictional government agency|mission|rescue|vatican,http://www.imdb.com/title/tt0317919/?ref_=fn_tt_tt_1,PG-13,150000000,2006,6.9,0
Roland Emmerich,131,Jake Weber,73103784,Action|Drama|Thriller,Channing Tatum,White House Down ,Matt Craven,black u.s. president|president|secret service|tour|white house,http://www.imdb.com/title/tt2334879/?ref_=fn_tt_tt_1,PG-13,150000000,2013,6.4,33000
Simon Wells,88,Dan Fogler,21379315,Action|Adventure|Animation|Comedy|Family|Sci-Fi,Elisabeth Harnois,Mars Needs Moms ,Tom Everett Scott,boy|martian|rescue|robot|sexism,http://www.imdb.com/title/tt1305591/?ref_=fn_tt_tt_1,PG,150000000,2011,5.4,0
David Bowers,85,Kate Winslet,64459316,Adventure|Animation|Comedy|Family,Hugh Jackman,Flushed Away ,David Suchet,boat|frog|rat|sewer|toad,http://www.imdb.com/title/tt0424095/?ref_=fn_tt_tt_1,PG,149000000,2006,6.7,0
Joe Wright,111,Cara Delevingne,34964818,Adventure|Family|Fantasy,Hugh Jackman,Pan ,Nonso Anozie,1940s|child hero|fantasy world|orphan|reference to peter pan,http://www.imdb.com/title/tt3332064/?ref_=fn_tt_tt_1,PG,150000000,2015,5.8,24000
Rob Minkoff,92,Zach Callison,111505642,Adventure|Animation|Comedy|Family|Sci-Fi,Ty Burrell,Mr. Peabody & Sherman ,Karan Brar,dog|father son relationship|inventor|talking dog|time travel,http://www.imdb.com/title/tt0864835/?ref_=fn_tt_tt_1,PG,145000000,2014,6.9,11000
Wolfgang Petersen,196,Orlando Bloom,133228348,Adventure,Brad Pitt,Troy ,Julian Glover,greek|mythology|prince|trojan|troy,http://www.imdb.com/title/tt0332452/?ref_=fn_tt_tt_1,R,175000000,2004,7.2,0
Eric Darnell,93,Martin Short,216366733,Adventure|Animation|Comedy|Family,Jada Pinkett Smith,Madagascar 3: Europe's Most Wanted ,Cedric the Entertainer,animal|circus|island name in title|lemur|penguin,http://www.imdb.com/title/tt1277953/?ref_=fn_tt_tt_1,PG,145000000,2012,6.9,17000
Lee Tamahori,133,Colin Salmon,160201106,Action|Adventure|Thriller,Toby Stephens,Die Another Day ,Rick Yune,catfight|clinic|colonel|diamond|patricide,http://www.imdb.com/title/tt0246460/?ref_=fn_tt_tt_1,PG-13,142000000,2002,6.1,0
Paul Feig,116,Kate McKinnon,118099659,Action|Comedy|Fantasy|Sci-Fi,Ed Begley Jr.,Ghostbusters ,Zach Woods,ghost|ghostbuster|ghostbusters|male objectification|reboot,http://www.imdb.com/title/tt1289401/?ref_=fn_tt_tt_1,PG-13,144000000,2016,5.5,62000
Michael Bay,153,Steve Buscemi,201573391,Action|Adventure|Sci-Fi|Thriller,Bruce Willis,Armageddon ,Will Patton,asteroid|astronaut|bomb|meteorite|outer space,http://www.imdb.com/title/tt0120591/?ref_=fn_tt_tt_1,PG-13,140000000,1998,6.6,11000
Barry Sonnenfeld,88,Rosario Dawson,190418803,Action|Adventure|Comedy|Family|Fantasy|Mystery|Sci-Fi,Will Smith,Men in Black II ,Rip Torn,alien|lingerie|lingerie model|m.i.b.|pug,http://www.imdb.com/title/tt0120912/?ref_=fn_tt_tt_1,PG-13,140000000,2002,6.1,2000
Robert Zemeckis,115,Anthony Hopkins,82161969,Action|Adventure|Animation|Fantasy,Robin Wright,Beowulf ,Sebastian Roché,creature|demon|king|reward|warrior,http://www.imdb.com/title/tt0442933/?ref_=fn_tt_tt_1,PG-13,150000000,2007,6.3,3000
Alessandro Carloni,95,Angelina Jolie Pitt,143523463,Action|Adventure|Animation|Comedy|Family,J.K. Simmons,Kung Fu Panda 3 ,Wayne Knight,china|kung fu|panda|pig|village,http://www.imdb.com/title/tt2267968/?ref_=fn_tt_tt_1,PG,145000000,2016,7.2,24000
Brad Bird,133,Jeremy Renner,209364921,Action|Adventure|Thriller,Tom Cruise,Mission: Impossible - Ghost Protocol ,Michael Nyqvist,dubai|kremlin|race against time|russian|terrorist,http://www.imdb.com/title/tt1229238/?ref_=fn_tt_tt_1,PG-13,145000000,2011,7.4,35000
Peter Ramsey,97,Kamil McFadden,103400692,Adventure|Animation|Family|Fantasy,Hugh Jackman,Rise of the Guardians ,Khamani Griffin,belief|box office hit|children|new york city|tooth,http://www.imdb.com/title/tt1446192/?ref_=fn_tt_tt_1,PG,145000000,2012,7.3,25000
Dean Parisot,90,Richard Burgi,110332737,Comedy|Crime,John Michael Higgins,Fun with Dick and Jane ,David Herman,animal abuse|ceo|heist|suburb|unemployment,http://www.imdb.com/title/tt0369441/?ref_=fn_tt_tt_1,PG-13,100000000,2005,6.1,2000
Edward Zwick,154,Tony Goldwyn,111110575,Action|Drama|History|War,Tom Cruise,The Last Samurai ,Chad Lindberg,captain|emperor|honor|japan|samurai,http://www.imdb.com/title/tt0325710/?ref_=fn_tt_tt_1,R,140000000,2003,7.7,0
Ridley Scott,150,María Valverde,65007045,Action|Adventure|Drama,Christian Bale,Exodus: Gods and Kings ,Ben Mendelsohn,egypt|exodus|moses|pharaoh|plague,http://www.imdb.com/title/tt1528100/?ref_=fn_tt_tt_1,PG-13,140000000,2014,6.1,51000
J.J. Abrams,127,Leonard Nimoy,257704099,Action|Adventure|Sci-Fi,Chris Hemsworth,Star Trek ,Bruce Greenwood,box office hit|future|lifted by the throat|star trek|vulcan,http://www.imdb.com/title/tt0796366/?ref_=fn_tt_tt_1,PG-13,150000000,2009,8,19000
Sam Raimi,121,James Franco,403706375,Action|Adventure|Fantasy|Romance,J.K. Simmons,Spider-Man ,Kirsten Dunst,evil|goblin|spider|spider man|superhero,http://www.imdb.com/title/tt0145487/?ref_=fn_tt_tt_1,PG-13,139000000,2002,7.3,5000
Dean DeBlois,102,Djimon Hounsou,176997107,Action|Adventure|Animation|Comedy|Family|Fantasy,Gerard Butler,How to Train Your Dragon 2 ,America Ferrera,dragon|father son relationship|husband wife relationship|mother son relationship|viking,http://www.imdb.com/title/tt1646971/?ref_=fn_tt_tt_1,PG,145000000,2014,7.9,46000
Alex Proyas,126,Elodie Yung,31141074,Action|Adventure|Fantasy,Gerard Butler,Gods of Egypt ,Bryan Brown,ancient egypt|egypt|egyptian|egyptian god|egyptian goddess,http://www.imdb.com/title/tt2404233/?ref_=fn_tt_tt_1,PG-13,140000000,2016,5.5,24000
Rob Cohen,121,Joe Morton,31704416,Action|Adventure|Sci-Fi|Thriller,Sam Shepard,Stealth ,Richard Roxburgh,artificial intelligence|box office flop|fighter jet|navy|pilot,http://www.imdb.com/title/tt0382992/?ref_=fn_tt_tt_1,PG-13,135000000,2005,5,0
Zack Snyder,215,Billy Crudup,107503316,Action|Drama|Mystery|Sci-Fi,Matt Frewer,Watchmen ,Stephen McHattie,conspiracy|cynicism|false promise of the american dream|male full frontal nudity|male nudity,http://www.imdb.com/title/tt0409459/?ref_=fn_tt_tt_1,R,130000000,2009,7.7,18000
Richard Donner,127,Rene Russo,129734803,Action|Crime|Thriller,Jet Li,Lethal Weapon 4 ,Darlene Love,kung fu|lapd|martial arts|private investigator|triad,http://www.imdb.com/title/tt0122151/?ref_=fn_tt_tt_1,R,140000000,1998,6.6,0
Ang Lee,138,Regi Davis,132122995,Action|Sci-Fi,Kevin Rankin,Hulk ,Celia Weston,1980s|c 130 hercules|monster|panzer|san francisco california,http://www.imdb.com/title/tt0286716/?ref_=fn_tt_tt_1,PG-13,137000000,2003,5.7,0
Jon M. Chu,122,Dwayne Johnson,122512052,Action|Adventure|Sci-Fi|Thriller,Channing Tatum,G.I. Joe: Retaliation ,Elodie Yung,general|gi joe|martial arts|ninja|president,http://www.imdb.com/title/tt1583421/?ref_=fn_tt_tt_1,PG-13,130000000,2013,5.8,42000
Breck Eisner,124,Rainn Wilson,68642452,Action|Adventure|Comedy|Thriller,Matthew McConaughey,Sahara ,Delroy Lindo,beach|civil war|desert|dictator|ship,http://www.imdb.com/title/tt0318649/?ref_=fn_tt_tt_1,PG-13,130000000,2005,6,0
Hironobu Sakaguchi,106,Ming-Na Wen,32131830,Action|Adventure|Animation|Fantasy|Romance|Sci-Fi,Steve Buscemi,Final Fantasy: The Spirits Within ,Jean Simmons,general|military|scientist|soldier|year 2065,http://www.imdb.com/title/tt0173840/?ref_=fn_tt_tt_1,PG-13,137000000,2001,6.4,0
Joe Johnston,124,Dominic Cooper,176636816,Action|Adventure|Sci-Fi,Chris Evans,Captain America: The First Avenger ,Hayley Atwell,arctic|captain america|scientist|tesseract|war bond,http://www.imdb.com/title/tt0458339/?ref_=fn_tt_tt_1,PG-13,140000000,2011,6.9,46000
Michael Apted,128,Maria Grazia Cucinotta,126930660,Action|Adventure|Thriller,Colin Salmon,The World Is Not Enough ,Desmond Llewelyn,british|oil|scientist|terrorist|tycoon,http://www.imdb.com/title/tt0143145/?ref_=fn_tt_tt_1,PG-13,135000000,1999,6.4,2000
Peter Weir,138,Lee Ingleby,93926386,Action|Adventure|Drama|History|War,James D'Arcy,Master and Commander: The Far Side of the World ,David Threlfall,1800s|napoleonic wars|pursuit|royal navy|ship,http://www.imdb.com/title/tt0311113/?ref_=fn_tt_tt_1,PG-13,150000000,2003,7.4,0
Bill Condon,115,Kristen Stewart,292298923,Adventure|Drama|Fantasy|Romance,Robert Pattinson,The Twilight Saga: Breaking Dawn - Part 2 ,Taylor Lautner,battle|friend|super strength|vampire|vision,http://www.imdb.com/title/tt1673434/?ref_=fn_tt_tt_1,PG-13,120000000,2012,5.5,65000
George Miller,100,Brad Pitt,63992328,Animation|Comedy|Family|Musical,Robin Williams,Happy Feet 2 ,Common,3d|antarctica|krill|penguin|sequel,http://www.imdb.com/title/tt1402488/?ref_=fn_tt_tt_1,PG,135000000,2011,5.9,0
Louis Leterrier,135,Peter Mensah,134518390,Action|Adventure|Sci-Fi,Ty Burrell,The Incredible Hulk ,William Hurt,antidote|cure|hulk|marvel cinematic universe|opening action scene,http://www.imdb.com/title/tt0800080/?ref_=fn_tt_tt_1,PG-13,150000000,2008,6.8,0
,60,Philip Michael Thomas,,Action|Crime|Drama|Mystery|Thriller,Don Johnson,Miami Vice             ,John Diehl,cult tv|detective|drugs|police|undercover,http://www.imdb.com/title/tt0086759/?ref_=fn_tt_tt_1,TV-14,1500000,,7.5,0
Steven Spielberg,117,Penelope Wilton,52792307,Adventure|Family|Fantasy,Mark Rylance,The BFG ,Rafe Spall,cannibal|evil brother|giant|london england|queen,http://www.imdb.com/title/tt3691740/?ref_=fn_tt_tt_1,PG,140000000,2016,6.8,27000
Alejandro G. Iñárritu,156,Tom Hardy,183635922,Adventure|Drama|Thriller|Western,Leonardo DiCaprio,The Revenant ,Lukas Haas,bear attack|cauterizing a wound|native american|revenge|survival,http://www.imdb.com/title/tt1663202/?ref_=fn_tt_tt_1,R,135000000,2015,8.1,190000
David Soren,96,Snoop Dogg,83024900,Adventure|Animation|Comedy|Family|Sport,Ryan Reynolds,Turbo ,Ben Schwartz,accident|freak accident|race|snail|underdog,http://www.imdb.com/title/tt1860353/?ref_=fn_tt_tt_1,PG,135000000,2013,6.5,13000
Gore Verbinski,107,Ray Winstone,123207194,Adventure|Animation|Comedy|Family|Western,Johnny Depp,Rango ,Stephen Root,chameleon|lizard|sheriff|water|western town,http://www.imdb.com/title/tt1192628/?ref_=fn_tt_tt_1,PG,135000000,2011,7.2,26000
Eric Darnell,92,Annet Mahendru,83348920,Adventure|Animation|Comedy|Family,Benedict Cumberbatch,Penguins of Madagascar ,Andy Richter,little girl|park|spy|statue of liberty|television van,http://www.imdb.com/title/tt1911658/?ref_=fn_tt_tt_1,PG,132000000,2014,6.7,11000
Paul Greengrass,115,Edgar Ramírez,227137090,Action|Mystery|Thriller,Matt Damon,The Bourne Ultimatum ,Albert Finney,action hero|cia|dark past|flashback|memory,http://www.imdb.com/title/tt0440963/?ref_=fn_tt_tt_1,PG-13,110000000,2007,8.1,0
Mark Osborne,92,Wayne Knight,215395021,Action|Adventure|Animation|Comedy|Family,Angelina Jolie Pitt,Kung Fu Panda ,Dan Fogler,kung fu|kung fu master|master|panda|snow leopard,http://www.imdb.com/title/tt0441773/?ref_=fn_tt_tt_1,PG,130000000,2008,7.6,6000
Peyton Reed,117,Hayley Atwell,180191634,Action|Adventure|Comedy|Sci-Fi,Judy Greer,Ant-Man ,T.I.,ant|chinatown san francisco|heist|sabotage|vault,http://www.imdb.com/title/tt0478970/?ref_=fn_tt_tt_1,PG-13,130000000,2015,7.4,61000
Francis Lawrence,146,Josh Hutcherson,424645577,Adventure|Sci-Fi|Thriller,Jennifer Lawrence,The Hunger Games: Catching Fire ,Sandra Ellis Lafferty,president|snow|television|tour|uprising,http://www.imdb.com/title/tt1951264/?ref_=fn_tt_tt_1,PG-13,130000000,2013,7.6,82000
Bill Condon,115,Kristen Stewart,292298923,Adventure|Drama|Fantasy|Romance,Robert Pattinson,The Twilight Saga: Breaking Dawn - Part 2 ,Taylor Lautner,battle|friend|super strength|vampire|vision,http://www.imdb.com/title/tt1673434/?ref_=fn_tt_tt_1,PG-13,120000000,2012,5.5,65000
Tim Johnson,94,Matt Jones,177343675,Adventure|Animation|Comedy|Family|Fantasy|Sci-Fi,Jim Parsons,Home ,April Winchell,alien friendship|alien invasion|australia|flying car|mother daughter relationship,http://www.imdb.com/title/tt2224026/?ref_=fn_tt_tt_1,PG,135000000,2015,6.7,26000
Steven Spielberg,116,Lisa Ann Walter,234277056,Adventure|Sci-Fi|Thriller,Tom Cruise,War of the Worlds ,Rick Gonzalez,alien|fight|storm|survival|tripod,http://www.imdb.com/title/tt0407304/?ref_=fn_tt_tt_1,PG-13,132000000,2005,6.5,0
Michael Bay,147,Henry Rollins,138396624,Action|Comedy|Crime|Thriller,Will Smith,Bad Boys II ,Jordi Mollà,cuba|dea|drugs|money|undercover,http://www.imdb.com/title/tt0172156/?ref_=fn_tt_tt_1,R,130000000,2003,6.6,0
Chris Miller,90,Constance Marie,149234747,Action|Adventure|Animation|Comedy|Family|Fantasy,Salma Hayek,Puss in Boots ,Amy Sedaris,betrayal|egg|friend|goose|hero,http://www.imdb.com/title/tt0448694/?ref_=fn_tt_tt_1,PG,130000000,2011,6.7,16000
Phillip Noyce,101,Andre Braugher,118311368,Action|Crime|Mystery|Thriller,Angelina Jolie Pitt,Salt ,August Diehl,cia|on the run|russian|russian spy|strong female lead,http://www.imdb.com/title/tt0944835/?ref_=fn_tt_tt_1,PG-13,110000000,2010,6.4,23000
Darren Aronofsky,138,Emma Watson,101160529,Action|Adventure|Drama,Anthony Hopkins,Noah ,Logan Lerman,ark|flood|noah's ark|water|wrath of god,http://www.imdb.com/title/tt1959490/?ref_=fn_tt_tt_1,PG-13,125000000,2014,5.8,71000
Steven Spielberg,107,Mackenzie Crook,77564037,Action|Adventure|Family|Mystery,Toby Jones,The Adventures of Tintin ,Tony Curran,captain|morocco|ship|tintin|treasure,http://www.imdb.com/title/tt0983193/?ref_=fn_tt_tt_1,PG,135000000,2011,7.4,44000
Alfonso Cuarón,142,Gary Oldman,249358727,Adventure|Family|Fantasy|Mystery,Daniel Radcliffe,Harry Potter and the Prisoner of Azkaban ,Rupert Grint,magic|muggle|serial killer|traitor|wizard,http://www.imdb.com/title/tt0304141/?ref_=fn_tt_tt_1,PG,130000000,2004,7.8,11000
Baz Luhrmann,165,Bryan Brown,49551662,Adventure|Drama|Romance|War,Essie Davis,Australia ,Eddie Baroo,australia|cattle|darwin|drover|japanese,http://www.imdb.com/title/tt0455824/?ref_=fn_tt_tt_1,PG-13,130000000,2008,6.6,0
M. Night Shyamalan,100,Zoë Kravitz,60522097,Action|Adventure|Sci-Fi,Will Smith,After Earth ,Glenn Morshower,box office flop|father son team|fear|race against time|real life father and son playing father and son,http://www.imdb.com/title/tt1815862/?ref_=fn_tt_tt_1,PG-13,130000000,2013,4.9,37000
Eric Leighton,82,D.B. Sweeney,137748063,Adventure|Animation|Family|Thriller,Alfre Woodard,Dinosaur ,Della Reese,egg|iguanodon|lemur|meteor|nesting grounds,http://www.imdb.com/title/tt0130623/?ref_=fn_tt_tt_1,PG,127500000,2000,6.5,0
Matt Birch,,Dave Legeno,,Action|Fantasy,Rupert Grint,Harry Potter and the Deathly Hallows: Part II ,Ralph Ineson,,http://www.imdb.com/title/tt1680310/?ref_=fn_tt_tt_1,,,2011,7.5,40
Shawn Levy,98,Rami Malek,113733726,Adventure|Comedy|Family|Fantasy,Robin Williams,Night at the Museum: Secret of the Tomb ,Steve Coogan,museum|museum of natural history manhattan new york city|night watchman|star died before release|tablet,http://www.imdb.com/title/tt2692250/?ref_=fn_tt_tt_1,PG,127000000,2014,6.2,11000
Tom McGrath,95,Brad Pitt,148337537,Action|Animation|Comedy|Family|Sci-Fi,J.K. Simmons,Megamind ,Will Ferrell,battle|city|planet|prison|superhero,http://www.imdb.com/title/tt1001526/?ref_=fn_tt_tt_1,PG,130000000,2010,7.3,13000
Chris Columbus,159,Fiona Shaw,317557891,Adventure|Family|Fantasy,Daniel Radcliffe,Harry Potter and the Sorcerer's Stone ,Verne Troyer,based on novel|birthday|evil wizard|quidditch|wizard,http://www.imdb.com/title/tt0241527/?ref_=fn_tt_tt_1,PG,125000000,2001,7.5,16000
Robert Schwentke,96,Jeff Bridges,33592415,Action|Comedy|Fantasy,Ryan Reynolds,R.I.P.D. ,Stephanie Szostak,drug dealer|gold|partner|police|undead,http://www.imdb.com/title/tt0790736/?ref_=fn_tt_tt_1,PG-13,130000000,2013,5.6,20000
Hideaki Anno,120,Shin'ya Tsukamoto,,Action|Adventure|Drama|Horror|Sci-Fi,Mark Chinnery,Godzilla Resurgence ,Atsuko Maeda,blood|godzilla|monster|sequel,http://www.imdb.com/title/tt4262980/?ref_=fn_tt_tt_1,,,2016,8.2,0
Gore Verbinski,143,Orlando Bloom,305388685,Action|Adventure|Fantasy,Johnny Depp,Pirates of the Caribbean: The Curse of the Black Pearl ,Jack Davenport,caribbean|curse|governor|pirate|undead,http://www.imdb.com/title/tt0325980/?ref_=fn_tt_tt_1,PG-13,140000000,2003,8.1,10000
Matt Birch,,Toby Jones,,Fantasy,Rupert Grint,Harry Potter and the Deathly Hallows: Part I ,Alfred Enoch,,http://www.imdb.com/title/tt1571403/?ref_=fn_tt_tt_1,,,2010,6.4,25
Francis Lawrence,123,Philip Seymour Hoffman,337103873,Adventure|Sci-Fi|Thriller,Jennifer Lawrence,The Hunger Games: Mockingjay - Part 1 ,Josh Hutcherson,based on young adult novel|manipulation|rebellion|symbol|uprising,http://www.imdb.com/title/tt1951265/?ref_=fn_tt_tt_1,PG-13,125000000,2014,6.7,52000
Ron Howard,174,Seth Gabel,217536138,Mystery|Thriller,Tom Hanks,The Da Vinci Code ,Jürgen Prochnow,based on supposedly true story|holy grail|mary magdalene|opus dei|secret,http://www.imdb.com/title/tt0382625/?ref_=fn_tt_tt_1,PG-13,125000000,2006,6.6,0
Carlos Saldanha,101,Rachel Crow,131536019,Adventure|Animation|Comedy|Family|Musical,Miguel Ferrer,Rio 2 ,Jeffrey Garcia,amazon|bird|father in law|jungle|no opening credits,http://www.imdb.com/title/tt2357291/?ref_=fn_tt_tt_1,G,103000000,2014,6.4,0
Bryan Singer,134,Bruce Davison,214948780,Action|Adventure|Fantasy|Sci-Fi|Thriller,Hugh Jackman,X-Men 2 ,Aaron Stanford,mutant|prison|professor|school|x men,http://www.imdb.com/title/tt0290334/?ref_=fn_tt_tt_1,PG-13,110000000,2003,7.5,0
Justin Lin,132,Vin Diesel,209805005,Action|Crime|Thriller,Paul Walker,Fast Five ,Dwayne Johnson,drug lord|drugs|federal agent|heist|police,http://www.imdb.com/title/tt1596343/?ref_=fn_tt_tt_1,PG-13,125000000,2011,7.3,54000
Guy Ritchie,129,Eddie Marsan,186830669,Action|Adventure|Crime|Mystery|Thriller,Robert Downey Jr.,Sherlock Holmes: A Game of Shadows ,Paul Anderson,factory|gypsy|investigation|sherlock holmes|train,http://www.imdb.com/title/tt1515091/?ref_=fn_tt_tt_1,PG-13,125000000,2011,7.5,39000
Louis Leterrier,106,Jason Flemyng,163192114,Action|Adventure|Fantasy,Liam Neeson,Clash of the Titans ,Alexa Davalos,famous line|hand to hand combat|kraken|rape|zeus,http://www.imdb.com/title/tt0800320/?ref_=fn_tt_tt_1,PG-13,125000000,2010,5.8,15000
Paul Verhoeven,113,Rachel Ticotin,119412921,Action|Sci-Fi,Ronny Cox,Total Recall ,Marshall Bell,ambiguous ending|false memory|implanted memory|memory|space colony,http://www.imdb.com/title/tt0100802/?ref_=fn_tt_tt_1,R,65000000,1990,7.5,0
John McTiernan,102,Vladimir Kulich,32694788,Action|Adventure|History,Tony Curran,The 13th Warrior ,Clive Russell,arab|battle|combat|viking|warrior,http://www.imdb.com/title/tt0120657/?ref_=fn_tt_tt_1,R,85000000,1999,6.6,0
Tony Gilroy,135,Scott Glenn,113165635,Action|Adventure|Thriller,Jeremy Renner,The Bourne Legacy ,Stacy Keach,assassin|cia|drone|pill|wolf,http://www.imdb.com/title/tt1194173/?ref_=fn_tt_tt_1,PG-13,125000000,2012,6.7,31000
Joel Schumacher,125,Vivica A. Fox,107285004,Action,Michael Gough,Batman & Robin ,John Glover,butler|critically bashed|cure|freeze|gotham,http://www.imdb.com/title/tt0118688/?ref_=fn_tt_tt_1,PG-13,125000000,1997,3.7,0
Ron Howard,110,T.J. Thyne,260031035,Comedy|Family|Fantasy,Clint Howard,How the Grinch Stole Christmas ,Molly Shannon,box office hit|christmas|materialism|public humiliation|snowflake,http://www.imdb.com/title/tt0170016/?ref_=fn_tt_tt_1,PG,123000000,2000,6,0
Roland Emmerich,124,Dennis Quaid,186739919,Action|Adventure|Sci-Fi|Thriller,Jake Gyllenhaal,The Day After Tomorrow ,Sela Ward,climate|end of the world|global warming|natural disaster|weather,http://www.imdb.com/title/tt0319262/?ref_=fn_tt_tt_1,PG-13,125000000,2004,6.4,19000
John Woo,123,Dougray Scott,215397307,Action|Adventure|Thriller,Tom Cruise,Mission: Impossible II ,Richard Roxburgh,cure|mission|terrorist|thief|virus,http://www.imdb.com/title/tt0120755/?ref_=fn_tt_tt_1,PG-13,125000000,2000,6.1,0
Wolfgang Petersen,130,Mary Elizabeth Mastrantonio,182618434,Action|Adventure|Drama|Thriller,Karen Allen,The Perfect Storm ,Bob Gunton,death|fish|fishing|sea|storm,http://www.imdb.com/title/tt0177971/?ref_=fn_tt_tt_1,PG-13,140000000,2000,6.4,0
Tim Story,92,Ioan Gruffudd,131920333,Action|Adventure|Sci-Fi|Thriller,Chris Evans,Fantastic 4: Rise of the Silver Surfer ,Andre Braugher,fantastic four|space|strong female character|strong female lead|superheroine,http://www.imdb.com/title/tt0486576/?ref_=fn_tt_tt_1,PG,130000000,2007,5.6,0
Ang Lee,127,Rafe Spall,124976634,Adventure|Drama|Fantasy,Suraj Sharma,Life of Pi ,Tabu,animal|faith|india|journey|tiger,http://www.imdb.com/title/tt0454876/?ref_=fn_tt_tt_1,PG,120000000,2012,8,122000
Mark Steven Johnson,123,Matt Long,115802596,Action|Fantasy|Thriller,Nicolas Cage,Ghost Rider ,Peter Fonda,blackheart|devil|father|ghost|mephistopheles,http://www.imdb.com/title/tt0259324/?ref_=fn_tt_tt_1,PG-13,110000000,2007,5.2,0
Paul Greengrass,123,Riz Ahmed,108521835,Action|Thriller,Matt Damon,Jason Bourne ,Ato Essandoh,black ops|chase|cia|cia agent|repeated scene,http://www.imdb.com/title/tt4196776/?ref_=fn_tt_tt_1,PG-13,120000000,2016,7.1,31000
McG,107,Bernie Mac,100685880,Action|Adventure|Comedy|Crime,Demi Moore,Charlie's Angels: Full Throttle ,Justin Theroux,fbi|murder|ring|witness protection|witness protection program,http://www.imdb.com/title/tt0305357/?ref_=fn_tt_tt_1,PG-13,120000000,2003,4.8,0
Ridley Scott,124,Charlize Theron,126464904,Adventure|Mystery|Sci-Fi,Michael Fassbender,Prometheus ,Sean Harris,cave painting|medical scanner|planet|pregnant with an alien fetus|suspended animation,http://www.imdb.com/title/tt1446714/?ref_=fn_tt_tt_1,R,130000000,2012,7,97000
Rob Minkoff,77,Brad Garrett,64736114,Adventure|Animation|Comedy|Family|Fantasy,Nathan Lane,Stuart Little 2 ,Melanie Griffith,anthropomorphic mouse|falcon|marshmallow|second part|soccer,http://www.imdb.com/title/tt0243585/?ref_=fn_tt_tt_1,PG,120000000,2002,5.4,459
Neill Blomkamp,109,Sharlto Copley,93050117,Action|Drama|Sci-Fi|Thriller,Matt Damon,Elysium ,Alice Braga,christ figure|class differences|messiah|saviour|social commentary,http://www.imdb.com/title/tt1535108/?ref_=fn_tt_tt_1,R,115000000,2013,6.6,61000
David Twohy,134,Alexa Davalos,57637485,Action|Adventure|Sci-Fi|Thriller,Vin Diesel,The Chronicles of Riddick ,Christina Cox,bounty hunter|escape|necromonger|planet|warrior,http://www.imdb.com/title/tt0296572/?ref_=fn_tt_tt_1,PG-13,105000000,2004,6.7,0
José Padilha,117,Abbie Cornish,58607007,Action|Crime|Sci-Fi|Thriller,Gary Oldman,RoboCop ,Jennifer Ehle,law enforcement|police|robocop|robot|technology,http://www.imdb.com/title/tt1234721/?ref_=fn_tt_tt_1,PG-13,100000000,2014,6.2,60000
Lana Wachowski,135,Kick Gurry,43929341,Action|Family|Sport,Scott Porter,Speed Racer ,Nicholas Elia,based on anime|based on cartoon|gadget car|racer|speed,http://www.imdb.com/title/tt0811080/?ref_=fn_tt_tt_1,PG,120000000,2008,6.1,0
James L. Brooks,121,Domenick Lombardozzi,30212620,Comedy|Drama|Romance,Shelley Conn,How Do You Know ,Teyonah Parris,embarrassment|falling in love|love|love triangle|revelation,http://www.imdb.com/title/tt1341188/?ref_=fn_tt_tt_1,PG-13,120000000,2010,5.3,0
James Mangold,117,Marc Blucas,76418654,Action|Comedy|Romance,Tom Cruise,Knight and Day ,Jordi Mollà,chase|fbi|garage|spy|surveillance,http://www.imdb.com/title/tt1013743/?ref_=fn_tt_tt_1,PG-13,117000000,2010,6.3,11000
Joseph Kosinski,124,Tom Cruise,89021735,Action|Adventure|Mystery|Sci-Fi,Morgan Freeman,Oblivion ,Zoë Bell,cabin in the woods|drone|flying through a thunderstorm|post apocalypse|sex in a pool,http://www.imdb.com/title/tt1483013/?ref_=fn_tt_tt_1,PG-13,120000000,2013,7,71000
George Lucas,140,Christopher Lee,380262555,Action|Adventure|Fantasy|Sci-Fi,Natalie Portman,Star Wars: Episode III - Revenge of the Sith ,Hayden Christensen,elongated cry of no|friends become enemies|kicked in the butt|robotic midwife|vision,http://www.imdb.com/title/tt0121766/?ref_=fn_tt_tt_1,PG-13,113000000,2005,7.6,10000
George Lucas,142,Christopher Lee,310675583,Action|Adventure|Fantasy|Sci-Fi,Natalie Portman,Star Wars: Episode II - Attack of the Clones ,Hayden Christensen,martial arts|murdered before giving protagonist information|part computer animation|prequel|prequel to cult film,http://www.imdb.com/title/tt0121765/?ref_=fn_tt_tt_1,PG,115000000,2002,6.7,0
Pete Docter,92,John Ratzenberger,289907418,Adventure|Animation|Comedy|Family|Fantasy,Steve Buscemi,"Monsters, Inc. ",James Coburn,friend|little girl|monster|rival|scream,http://www.imdb.com/title/tt0198781/?ref_=fn_tt_tt_1,G,115000000,2001,8.1,0
James Mangold,138,Tao Okamoto,132550960,Action|Adventure|Sci-Fi|Thriller,Hugh Jackman,The Wolverine ,Rila Fukushima,healing power|marvel comics|mecha|regeneration|self healing,http://www.imdb.com/title/tt1430132/?ref_=fn_tt_tt_1,PG-13,120000000,2013,6.7,68000
George Lucas,136,Liam Neeson,474544677,Action|Adventure|Fantasy|Sci-Fi,Natalie Portman,Star Wars: Episode I - The Phantom Menace ,Ian McDiarmid,alien|character says i have a bad feeling about this|hand to hand combat|seven word title|wilhelm scream,http://www.imdb.com/title/tt0120915/?ref_=fn_tt_tt_1,PG,115000000,1999,6.5,13000
Kirk De Micco,98,Emma Stone,187165546,Adventure|Animation|Comedy|Family|Fantasy,Ryan Reynolds,The Croods ,Nicolas Cage,cave|caveman|journey|strict father|survival,http://www.imdb.com/title/tt0481499/?ref_=fn_tt_tt_1,PG,135000000,2013,7.3,28000
Frédéric Forestier,116,Santiago Segura,,Adventure|Comedy|Family|Fantasy,Alain Delon,Asterix at the Olympic Games ,Vanessa Hessler,1st century b.c.|lightsaber|local blockbuster|magical potion|potion,http://www.imdb.com/title/tt0463872/?ref_=fn_tt_tt_1,,78000000,2008,5.1,291
John Woo,153,Roger Willie,40911830,Action|Drama|War,Nicolas Cage,Windtalkers ,Noah Emmerich,code|duty|steel helmet|u.s. marine|u.s. soldier,http://www.imdb.com/title/tt0245562/?ref_=fn_tt_tt_1,R,115000000,2002,6,0
Cedric Nicolas-Troyan,120,Sam Claflin,47952020,Action|Adventure|Drama|Fantasy,Chris Hemsworth,The Huntsman: Winter's War ,Charlize Theron,based on fairy tale|dark fantasy|fairy tale|second part|sequel,http://www.imdb.com/title/tt2381991/?ref_=fn_tt_tt_1,PG-13,115000000,2016,6.1,16000
Jonathan Liebesman,101,Danny Woodburn,190871240,Action|Adventure|Comedy|Sci-Fi,Noel Fisher,Teenage Mutant Ninja Turtles ,Jeremy Howard,18 wheeler|mutant|ninja|sewer|turtle,http://www.imdb.com/title/tt1291150/?ref_=fn_tt_tt_1,PG-13,125000000,2014,5.9,62000
Alfonso Cuarón,91,Basher Savage,274084951,Adventure|Drama|Sci-Fi|Thriller,Phaldut Sharma,Gravity ,Amy Warren,box office hit|long take|sole survivor|space|space station,http://www.imdb.com/title/tt1454468/?ref_=fn_tt_tt_1,PG-13,100000000,2013,7.8,147000
Roger Donaldson,108,Grant Heslov,67155742,Action|Adventure|Thriller,Jamie Renée Smith,Dante's Peak ,Tzi Ma,ash|escape|lava|mayor|volcano,http://www.imdb.com/title/tt0118928/?ref_=fn_tt_tt_1,PG-13,116000000,1997,5.8,0
Dave Green,112,Noel Fisher,81638674,Action|Adventure|Comedy|Sci-Fi,Stephen Amell,Teenage Mutant Ninja Turtles: Out of the Shadows ,Brad Garrett,based on comic book|brother brother relationship|rat|sequel|turtle,http://www.imdb.com/title/tt3949660/?ref_=fn_tt_tt_1,PG-13,135000000,2016,6.3,12000
Josh Trank,100,Reg E. Cathey,56114221,Action|Adventure|Sci-Fi,Tim Blake Nelson,Fantastic Four ,Tim Heidecker,box office flop|critically bashed|portal|teleportation|troubled production,http://www.imdb.com/title/tt1502712/?ref_=fn_tt_tt_1,PG-13,120000000,2015,4.3,41000
Shawn Levy,108,Rami Malek,250863268,Action|Adventure|Comedy|Family|Fantasy,Robin Williams,Night at the Museum ,Steve Coogan,chaos|museum|museum of natural history|night watchman|watchman,http://www.imdb.com/title/tt0477347/?ref_=fn_tt_tt_1,PG,110000000,2006,6.4,3000
Brad Peyton,114,Ioan Gruffudd,155181732,Action|Adventure|Drama|Thriller,Dwayne Johnson,San Andreas ,Archie Panjabi,disaster movie|earthquake|journey|natural disaster|san andreas fault,http://www.imdb.com/title/tt2126355/?ref_=fn_tt_tt_1,PG-13,110000000,2015,6.1,52000
Roger Spottiswoode,119,Colin Salmon,125332007,Action|Adventure|Thriller,Vincent Schiavelli,Tomorrow Never Dies ,Joe Don Baker,ex boyfriend ex girlfriend relationship|media tycoon|megalomaniac|official james bond series|world war three,http://www.imdb.com/title/tt0120347/?ref_=fn_tt_tt_1,PG-13,110000000,1997,6.5,0
Roland Emmerich,142,Adam Baldwin,113330342,Action|Drama|History|War,Heath Ledger,The Patriot ,Tom Wilkinson,american revolution|british|french|hero|standoff,http://www.imdb.com/title/tt0187393/?ref_=fn_tt_tt_1,R,110000000,2000,7.1,4000
Steven Soderbergh,125,Julia Roberts,125531634,Crime|Thriller,Brad Pitt,Ocean's Twelve ,Mini Anden,father daughter relationship|heist|pretending to be pregnant|sequel|thief,http://www.imdb.com/title/tt0349903/?ref_=fn_tt_tt_1,PG-13,110000000,2004,6.4,0
Doug Liman,126,Angelina Jolie Pitt,186336103,Action|Comedy|Crime|Romance|Thriller,Brad Pitt,Mr. & Mrs. Smith ,Stephanie March,assassin|marriage|secret agent|suburb|target,http://www.imdb.com/title/tt0356910/?ref_=fn_tt_tt_1,PG-13,120000000,2005,6.5,0
Robert Schwentke,119,Theo James,129995817,Adventure|Sci-Fi|Thriller,Kate Winslet,Insurgent ,Mekhi Phifer,action heroine|falling from height|mind control|trainhopping|truth serum,http://www.imdb.com/title/tt2908446/?ref_=fn_tt_tt_1,PG-13,110000000,2015,6.3,27000
Martin Scorsese,170,Adam Scott,102608827,Biography|Drama,Leonardo DiCaprio,The Aviator ,Frances Conroy,1920s|aviation|fight|spruce goose|test flight,http://www.imdb.com/title/tt0338751/?ref_=fn_tt_tt_1,PG-13,110000000,2004,7.5,0
Rob Letterman,85,Catherine Tate,42776259,Adventure|Comedy|Family|Fantasy,James Corden,Gulliver's Travels ,Olly Alexander,bermuda triangle|box office hit|shipwrecked|travel|travel writer,http://www.imdb.com/title/tt1320261/?ref_=fn_tt_tt_1,PG,112000000,2010,4.9,0
Michel Gondry,119,Tom Wilkinson,98780042,Action|Comedy|Crime|Sci-Fi|Thriller,Christoph Waltz,The Green Hornet ,Chad L. Coleman,heir|kung fu|party|playboy|superhero,http://www.imdb.com/title/tt0990407/?ref_=fn_tt_tt_1,PG-13,120000000,2011,5.8,14000
,60,Dirk Benedict,,Action|Adventure|Crime,George Peppard,The A-Team             ,Dwight Schultz,1980s|cult tv|famous opening theme|good versus evil|hero for hire,http://www.imdb.com/title/tt0084967/?ref_=fn_tt_tt_1,TV-PG,,,7.6,0
Noam Murro,102,Sullivan Stapleton,106369117,Action|Drama|Fantasy|War,Eva Green,300: Rise of an Empire ,Peter Mensah,army|commander|female rear nudity|greek|navy,http://www.imdb.com/title/tt1253863/?ref_=fn_tt_tt_1,R,110000000,2014,6.2,71000
Raja Gosnell,103,Tim Gunn,142614158,Adventure|Animation|Comedy|Family|Fantasy,Mahadeo Shivraj,The Smurfs ,Madison McKinley,blue|new york|new york city|no opening credits|smurf,http://www.imdb.com/title/tt0472181/?ref_=fn_tt_tt_1,PG,110000000,2011,5.5,31000
Will Finn,76,Roseanne Barr,50026353,Animation|Comedy|Family|Music|Western,Steve Buscemi,Home on the Range ,G.W. Bailey,cattle|cow|dairy farm|farm|rustler,http://www.imdb.com/title/tt0299172/?ref_=fn_tt_tt_1,PG,110000000,2004,5.4,304
Robert Schwentke,120,Theo James,66002193,Action|Adventure|Mystery|Sci-Fi|Thriller,Naomi Watts,Allegiant ,Zoë Kravitz,based on young adult novel|dystopia|genetic experimentation|strong female character|strong female lead,http://www.imdb.com/title/tt3410834/?ref_=fn_tt_tt_1,PG-13,110000000,2016,5.8,12000
Shawn Levy,127,Torey Michael Adkins,85463309,Action|Drama|Sci-Fi|Sport,Hugh Jackman,Real Steel ,Olga Fonda,arena|boxing|boxing movie|robot|robot battle,http://www.imdb.com/title/tt0433035/?ref_=fn_tt_tt_1,PG-13,110000000,2011,7.1,36000
Raja Gosnell,105,Nancy O'Dell,71017784,Adventure|Animation|Comedy|Family|Fantasy,Jacob Tremblay,The Smurfs 2 ,Vanessa Matsui,based on cartoon|box office hit|no opening credits|sequel|smurf,http://www.imdb.com/title/tt2017020/?ref_=fn_tt_tt_1,PG,105000000,2013,5.4,0
Jan de Bont,121,Temuera Morrison,48068396,Action|Crime|Romance|Thriller,Jason Patric,Speed 2: Cruise Control ,Lois Chiles,collision course|computer|cruise|diamonds|ship run aground,http://www.imdb.com/title/tt0120179/?ref_=fn_tt_tt_1,PG-13,160000000,1997,3.7,894
Gavin Hood,114,Moises Arias,61656849,Action|Sci-Fi,Harrison Ford,Ender's Game ,Aramis Knight,alien|future|manipulation|simulation|training,http://www.imdb.com/title/tt1731141/?ref_=fn_tt_tt_1,PG-13,110000000,2013,6.7,123000
Len Wiseman,129,Jonathan Sadowski,134520804,Action|Adventure|Thriller,Bruce Willis,Live Free or Die Hard ,Cyril Raffaelli,fbi|hacker|independence day|police|terrorist,http://www.imdb.com/title/tt0337978/?ref_=fn_tt_tt_1,PG-13,110000000,2007,7.2,0
Peter Jackson,171,Orlando Bloom,313837577,Action|Adventure|Drama|Fantasy,Christopher Lee,The Lord of the Rings: The Fellowship of the Ring ,Billy Boyd,elf|hobbit|middle earth|quest|ring,http://www.imdb.com/title/tt0120737/?ref_=fn_tt_tt_1,PG-13,93000000,2001,8.8,21000
Frank Coraci,120,Steve Coogan,24004159,Action|Adventure|Comedy,Jim Broadbent,Around the World in 80 Days ,Cécile De France,19th century|around the world|inventor|martial arts|train,http://www.imdb.com/title/tt0327437/?ref_=fn_tt_tt_1,PG,110000000,2004,5.8,0
Michael Mann,165,Jada Pinkett Smith,58183966,Biography|Drama|Sport,Will Smith,Ali ,Joe Morton,african american protagonist|african americans|boxing gym|gym|rumble in the jungle,http://www.imdb.com/title/tt0248667/?ref_=fn_tt_tt_1,R,107000000,2001,6.8,0
Bo Welch,82,Kelly Preston,100446895,Adventure|Comedy|Family|Fantasy,Sean Hayes,The Cat in the Hat ,Spencer Breslin,based on cult comic book|cat|home alone|imagination|talking cat,http://www.imdb.com/title/tt0312528/?ref_=fn_tt_tt_1,PG,109000000,2003,3.8,946
Alex Proyas,115,Bruce Greenwood,144795350,Action|Mystery|Sci-Fi|Thriller,Will Smith,"I, Robot ",Chi McBride,humanoid robot|man versus machine|prosthetic limb|robot as pathos|robot vs. robot,http://www.imdb.com/title/tt0343818/?ref_=fn_tt_tt_1,PG-13,120000000,2004,7.1,0
Ridley Scott,194,Orlando Bloom,47396698,Action|Adventure|Drama|History|War,Liam Neeson,Kingdom of Heaven ,Philip Glenister,12th century|crusader|jerusalem|knight|medieval times,http://www.imdb.com/title/tt0320661/?ref_=fn_tt_tt_1,R,130000000,2005,7.2,0
Rob Minkoff,84,Nathan Lane,140015224,Adventure|Comedy|Family|Fantasy,Chazz Palminteri,Stuart Little ,Jeffrey Jones,box office hit|cat|first part|mouse|orphanage,http://www.imdb.com/title/tt0164912/?ref_=fn_tt_tt_1,PG,133000000,1999,5.9,0
Ron Clements,97,Jenifer Lewis,104374107,Animation|Family|Fantasy|Musical|Romance,Oprah Winfrey,The Princess and the Frog ,Anika Noni Rose,amphibian|dream|frog|frog prince|waitress,http://www.imdb.com/title/tt0780521/?ref_=fn_tt_tt_1,G,105000000,2009,7.1,5000
Ridley Scott,151,Donald Glover,228430993,Adventure|Drama|Sci-Fi,Matt Damon,The Martian ,Benedict Wong,astronaut|international cooperation|left for dead|nasa|space habitat,http://www.imdb.com/title/tt3659388/?ref_=fn_tt_tt_1,PG-13,108000000,2015,8.1,153000
Christopher Barnard,22,,,Comedy,Mathew Buck,"10,000 B.C.             ",,,http://www.imdb.com/title/tt1869849/?ref_=fn_tt_tt_1,,,,7.2,0
Michael Bay,136,Steve Buscemi,35799026,Action|Adventure|Romance|Sci-Fi|Thriller,Scarlett Johansson,The Island ,Djimon Hounsou,clone|environment|escape|island|lottery,http://www.imdb.com/title/tt0399201/?ref_=fn_tt_tt_1,PG-13,126000000,2005,6.9,0
Peter Chelsom,104,Warren Beatty,6712451,Comedy|Romance,Del Zamora,Town & Country ,Garry Shandling,anniversary|architect|cellist|friend|hardware store,http://www.imdb.com/title/tt0141907/?ref_=fn_tt_tt_1,R,90000000,2001,4.4,53
Dominic Sena,127,Angelina Jolie Pitt,101643008,Action|Crime|Thriller,Nicolas Cage,Gone in Sixty Seconds ,Robert Duvall,auto theft|brother|car|theft|thief,http://www.imdb.com/title/tt0187078/?ref_=fn_tt_tt_1,PG-13,90000000,2000,6.5,0
Ridley Scott,171,Connie Nielsen,187670866,Action|Drama|Romance,Djimon Hounsou,Gladiator ,Oliver Reed,battlefield|blood|combat|gladiator|roman empire,http://www.imdb.com/title/tt0172495/?ref_=fn_tt_tt_1,R,103000000,2000,8.5,21000
Steven Spielberg,145,Frank Grillo,132014112,Action|Mystery|Sci-Fi|Thriller,Tom Cruise,Minority Report ,Jessica Capshaw,future|murder|neo noir|washington d.c.|year 2054,http://www.imdb.com/title/tt0181689/?ref_=fn_tt_tt_1,PG-13,102000000,2002,7.7,0
Chris Columbus,174,Rupert Grint,261970615,Adventure|Family|Fantasy|Mystery,Daniel Radcliffe,Harry Potter and the Chamber of Secrets ,Emma Watson,bildungsroman|flying broom|invisibility cloak|monster|wizardry,http://www.imdb.com/title/tt0295297/?ref_=fn_tt_tt_1,PG,100000000,2002,7.4,0
Martin Campbell,144,Tobias Menzies,167007184,Action|Adventure|Thriller,Eva Green,Casino Royale ,Ivana Milicevic,casino|espionage|free running|james bond|terrorist,http://www.imdb.com/title/tt0381061/?ref_=fn_tt_tt_1,PG-13,150000000,2006,8,0
Tim Burton,119,Estella Warren,180011740,Action|Adventure|Sci-Fi|Thriller,Cary-Hiroyuki Tagawa,Planet of the Apes ,Erick Avari,astronaut|cage|planet|wilhelm scream|year 2029,http://www.imdb.com/title/tt0133152/?ref_=fn_tt_tt_1,PG-13,100000000,2001,5.7,0
James Cameron,153,Jenette Goldstein,204843350,Action|Sci-Fi,Joe Morton,Terminator 2: Judgment Day ,S. Epatha Merkerson,future|liquid metal|multiple cameos|sexy woman|time travel,http://www.imdb.com/title/tt0103064/?ref_=fn_tt_tt_1,R,102000000,1991,8.5,13000
Michael Mann,140,Christian Bale,97030725,Biography|Crime|Drama|History|Romance,Johnny Depp,Public Enemies ,Stephen Graham,1930s|bank|celebrity criminal|fbi|public enemy number one,http://www.imdb.com/title/tt1152836/?ref_=fn_tt_tt_1,R,100000000,2009,7,0
Ridley Scott,176,Ruby Dee,130127620,Biography|Crime|Drama,Denzel Washington,American Gangster ,RZA,death|heroin|popcorn|smuggling|vietnam,http://www.imdb.com/title/tt0765429/?ref_=fn_tt_tt_1,R,100000000,2007,7.8,0
James Cameron,141,Tia Carrere,146282411,Action|Comedy|Thriller,Jamie Lee Curtis,True Lies ,Tom Arnold,espionage|secret agent|secret mission|spy|spy film,http://www.imdb.com/title/tt0111503/?ref_=fn_tt_tt_1,R,115000000,1994,7.2,0
Tony Scott,106,Ramon Rodriguez,65452312,Action|Crime|Thriller,Denzel Washington,The Taking of Pelham 1 2 3 ,Michael Rispoli,hijack|hostage|ransom|subway|train,http://www.imdb.com/title/tt1111422/?ref_=fn_tt_tt_1,R,100000000,2009,6.4,0
Paul Weitz,98,Blythe Danner,148383780,Comedy|Romance,Robert De Niro,Little Fockers ,Teri Polo,birthday|critically bashed|male nurse|nurse|suspicion,http://www.imdb.com/title/tt0970866/?ref_=fn_tt_tt_1,PG-13,100000000,2010,5.5,0
Adam McKay,116,Will Ferrell,119219978,Action|Comedy|Crime,Dwayne Johnson,The Other Guys ,Derek Jeter,capitalist|detective|investigation|new york city|police,http://www.imdb.com/title/tt1386588/?ref_=fn_tt_tt_1,PG-13,100000000,2010,6.7,16000
Chuck Russell,115,James Coburn,101228120,Action|Drama|Mystery|Thriller,Vanessa Williams,Eraser ,Roma Maffia,assassination attempt|corporate crime|rogue agent|witness|witness protection program,http://www.imdb.com/title/tt0116213/?ref_=fn_tt_tt_1,R,100000000,1996,6.1,0
Quentin Tarantino,165,Christoph Waltz,162804648,Drama|Western,Leonardo DiCaprio,Django Unchained ,Ato Essandoh,dynamite|historically inaccurate|ku klux klan|n word|slavery,http://www.imdb.com/title/tt1853728/?ref_=fn_tt_tt_1,R,100000000,2012,8.5,199000
Gary Trousdale,91,Jason Alexander,100117603,Animation|Drama|Family|Musical|Romance,Demi Moore,The Hunchback of Notre Dame ,Bill Fagerbakke,15th century|cathedral|gypsy|paris|victor hugo,http://www.imdb.com/title/tt0116583/?ref_=fn_tt_tt_1,G,100000000,1996,6.9,0
Mark Dindal,78,Wendie Malick,89296573,Adventure|Animation|Comedy|Family|Fantasy,Eartha Kitt,The Emperor's New Groove ,John Fiedler,antidote|disney|emperor|first part|llama,http://www.imdb.com/title/tt0120917/?ref_=fn_tt_tt_1,G,100000000,2000,7.3,0
Simon West,103,Sylvester Stallone,85017401,Action|Adventure|Thriller,Jason Statham,The Expendables 2 ,Bruce Willis,church|hostage|mine|plutonium|revenge,http://www.imdb.com/title/tt1764651/?ref_=fn_tt_tt_1,R,92000000,2012,6.7,108000
